date,sales,onpromotion,was_missing,day_of_week,day_of_month,month,quarter,year,is_weekend,lag_1,lag_7,lag_14,lag_28,rolling_mean_7,rolling_mean_28
2013-01-01,0.0,0,0,1,1,1,1,2013,0,,,,,,
2013-01-02,2652.0,0,0,2,2,1,1,2013,0,0.0,,,,,
2013-01-03,2121.0,0,0,3,3,1,1,2013,0,2652.0,,,,,
2013-01-04,2056.0,0,0,4,4,1,1,2013,0,2121.0,,,,,
2013-01-05,2216.0,0,0,5,5,1,1,2013,1,2056.0,,,,,
2013-01-06,723.0,0,0,6,6,1,1,2013,1,2216.0,,,,,
2013-01-07,2262.0,0,0,0,7,1,1,2013,0,723.0,,,,,
2013-01-08,1782.0,0,0,1,8,1,1,2013,0,2262.0,0.0,,,1718.5714285714287,
2013-01-09,2429.0,0,0,2,9,1,1,2013,0,1782.0,2652.0,,,1973.142857142857,
2013-01-10,1544.0,0,0,3,10,1,1,2013,0,2429.0,2121.0,,,1941.2857142857142,
2013-01-11,1750.0,0,0,4,11,1,1,2013,0,1544.0,2056.0,,,1858.857142857143,
2013-01-12,1796.0,0,0,5,12,1,1,2013,1,1750.0,2216.0,,,1815.142857142857,
2013-01-13,961.0,0,0,6,13,1,1,2013,1,1796.0,723.0,,,1755.142857142857,
2013-01-14,1902.0,0,0,0,14,1,1,2013,0,961.0,2262.0,,,1789.142857142857,
2013-01-15,1671.0,0,0,1,15,1,1,2013,0,1902.0,1782.0,0.0,,1737.7142857142858,
2013-01-16,2387.0,0,0,2,16,1,1,2013,0,1671.0,2429.0,2652.0,,1721.857142857143,
2013-01-17,1648.0,0,0,3,17,1,1,2013,0,2387.0,1544.0,2121.0,,1715.857142857143,
2013-01-18,1804.0,0,0,4,18,1,1,2013,0,1648.0,1750.0,2056.0,,1730.7142857142858,
2013-01-19,1956.0,0,0,5,19,1,1,2013,1,1804.0,1796.0,2216.0,,1738.4285714285713,
2013-01-20,895.0,0,0,6,20,1,1,2013,1,1956.0,961.0,723.0,,1761.2857142857142,
2013-01-21,1679.0,0,0,0,21,1,1,2013,0,895.0,1902.0,2262.0,,1751.857142857143,
2013-01-22,1809.0,0,0,1,22,1,1,2013,0,1679.0,1671.0,1782.0,,1720.0,
2013-01-23,2271.0,0,0,2,23,1,1,2013,0,1809.0,2387.0,2429.0,,1739.7142857142858,
2013-01-24,1868.0,0,0,3,24,1,1,2013,0,2271.0,1648.0,1544.0,,1723.142857142857,
2013-01-25,1706.0,0,0,4,25,1,1,2013,0,1868.0,1804.0,1750.0,,1754.5714285714287,
2013-01-26,1775.0,0,0,5,26,1,1,2013,1,1706.0,1956.0,1796.0,,1740.5714285714287,
2013-01-27,811.0,0,0,6,27,1,1,2013,1,1775.0,895.0,961.0,,1714.7142857142858,
2013-01-28,1695.0,0,0,0,28,1,1,2013,0,811.0,1679.0,1902.0,,1702.7142857142858,
2013-01-29,1575.0,0,0,1,29,1,1,2013,0,1695.0,1809.0,1671.0,0.0,1705.0,1720.3214285714287
2013-01-30,2157.0,0,0,2,30,1,1,2013,0,1575.0,2271.0,2387.0,2652.0,1671.5714285714287,1776.5714285714287
2013-01-31,1496.0,0,0,3,31,1,1,2013,0,2157.0,1868.0,1648.0,2121.0,1655.2857142857142,1758.892857142857
2013-02-01,1808.0,0,0,4,1,2,1,2013,0,1496.0,1706.0,1804.0,2056.0,1602.142857142857,1736.5714285714287
2013-02-02,2092.0,0,0,5,2,2,1,2013,1,1808.0,1775.0,1956.0,2216.0,1616.7142857142858,1727.7142857142858
2013-02-03,810.0,0,0,6,3,2,1,2013,1,2092.0,811.0,895.0,723.0,1662.0,1723.2857142857142
2013-02-04,2221.0,0,0,0,4,2,1,2013,0,810.0,1695.0,1679.0,2262.0,1661.857142857143,1726.392857142857
2013-02-05,1868.0,0,0,1,5,2,1,2013,0,2221.0,1575.0,1809.0,1782.0,1737.0,1724.9285714285713
2013-02-06,2056.0,0,0,2,6,2,1,2013,0,1868.0,2157.0,2271.0,2429.0,1778.857142857143,1728.0
2013-02-07,1474.0,0,0,3,7,2,1,2013,0,2056.0,1496.0,1868.0,1544.0,1764.4285714285713,1714.6785714285713
2013-02-08,1767.0,0,0,4,8,2,1,2013,0,1474.0,1808.0,1706.0,1750.0,1761.2857142857142,1712.1785714285713
2013-02-09,1552.0,0,0,5,9,2,1,2013,1,1767.0,2092.0,1775.0,1796.0,1755.4285714285713,1712.7857142857142
2013-02-10,385.0,0,0,6,10,2,1,2013,1,1552.0,810.0,811.0,961.0,1678.2857142857142,1704.0714285714287
2013-02-11,458.0,0,0,0,11,2,1,2013,0,385.0,2221.0,1695.0,1902.0,1617.5714285714287,1683.5
2013-02-12,628.0,0,0,1,12,2,1,2013,0,458.0,1868.0,1575.0,1671.0,1365.7142857142858,1631.9285714285713
2013-02-13,2422.0,0,0,2,13,2,1,2013,0,628.0,2056.0,2157.0,2387.0,1188.5714285714287,1594.6785714285713
2013-02-14,1743.0,0,0,3,14,2,1,2013,0,2422.0,1474.0,1496.0,1648.0,1240.857142857143,1595.9285714285713
2013-02-15,1713.0,0,0,4,15,2,1,2013,0,1743.0,1767.0,1808.0,1804.0,1279.2857142857142,1599.3214285714287
2013-02-16,2046.0,0,0,5,16,2,1,2013,1,1713.0,1552.0,2092.0,1956.0,1271.5714285714287,1596.0714285714287
2013-02-17,630.0,0,0,6,17,2,1,2013,1,2046.0,385.0,810.0,895.0,1342.142857142857,1599.2857142857142
2013-02-18,1799.0,0,0,0,18,2,1,2013,0,630.0,458.0,2221.0,1679.0,1377.142857142857,1589.8214285714287
2013-02-19,1923.0,0,0,1,19,2,1,2013,0,1799.0,628.0,1868.0,1809.0,1568.7142857142858,1594.107142857143
2013-02-20,2246.0,0,0,2,20,2,1,2013,0,1923.0,2422.0,2056.0,2271.0,1753.7142857142858,1598.1785714285713
2013-02-21,2023.0,0,0,3,21,2,1,2013,0,2246.0,1743.0,1474.0,1868.0,1728.5714285714287,1597.2857142857142
2013-02-22,1741.0,0,0,4,22,2,1,2013,0,2023.0,1713.0,1767.0,1706.0,1768.5714285714287,1602.8214285714287
2013-02-23,1851.0,0,0,5,23,2,1,2013,1,1741.0,2046.0,1552.0,1775.0,1772.5714285714287,1604.0714285714287
2013-02-24,782.0,0,0,6,24,2,1,2013,1,1851.0,630.0,385.0,811.0,1744.7142857142858,1606.7857142857142
2013-02-25,1897.0,0,0,0,25,2,1,2013,0,782.0,1799.0,458.0,1695.0,1766.4285714285713,1605.75
2013-02-26,1671.0,0,0,1,26,2,1,2013,0,1897.0,1923.0,628.0,1575.0,1780.4285714285713,1612.9642857142858
2013-02-27,2174.0,0,0,2,27,2,1,2013,0,1671.0,2246.0,2422.0,2157.0,1744.4285714285713,1616.392857142857
2013-02-28,1667.0,0,0,3,28,2,1,2013,0,2174.0,2023.0,1743.0,1496.0,1734.142857142857,1617.0
2013-03-01,1930.0,0,0,4,1,3,1,2013,0,1667.0,1741.0,1713.0,1808.0,1683.2857142857142,1623.107142857143
2013-03-02,1980.0,0,0,5,2,3,1,2013,1,1930.0,1851.0,2046.0,2092.0,1710.2857142857142,1627.4642857142858
2013-03-03,914.0,0,0,6,3,3,1,2013,1,1980.0,782.0,630.0,810.0,1728.7142857142858,1623.4642857142858
2013-03-04,2299.0,0,0,0,4,3,1,2013,0,914.0,1897.0,1799.0,2221.0,1747.5714285714287,1627.1785714285713
2013-03-05,1746.0,0,0,1,5,3,1,2013,0,2299.0,1671.0,1923.0,1868.0,1805.0,1629.9642857142858
2013-03-06,2475.0,0,0,2,6,3,1,2013,0,1746.0,2174.0,2246.0,2056.0,1815.7142857142858,1625.607142857143
2013-03-07,1720.0,0,0,3,7,3,1,2013,0,2475.0,1667.0,2023.0,1474.0,1858.7142857142858,1640.5714285714287
2013-03-08,1893.0,0,0,4,8,3,1,2013,0,1720.0,1930.0,1741.0,1767.0,1866.2857142857142,1649.357142857143
2013-03-09,1972.0,0,0,5,9,3,1,2013,1,1893.0,1980.0,1851.0,1552.0,1861.0,1653.857142857143
2013-03-10,854.0,0,0,6,10,3,1,2013,1,1972.0,914.0,782.0,385.0,1859.857142857143,1668.857142857143
2013-03-11,1809.0,0,0,0,11,3,1,2013,0,854.0,2299.0,1897.0,458.0,1851.2857142857142,1685.607142857143
2013-03-12,1808.0,0,0,1,12,3,1,2013,0,1809.0,1746.0,1671.0,628.0,1781.2857142857142,1733.857142857143
2013-03-13,2010.0,0,0,2,13,3,1,2013,0,1808.0,2475.0,2174.0,2422.0,1790.142857142857,1776.0
2013-03-14,1685.0,0,0,3,14,3,1,2013,0,2010.0,1720.0,1667.0,1743.0,1723.7142857142858,1761.2857142857142
2013-03-15,1760.0,0,0,4,15,3,1,2013,0,1685.0,1893.0,1930.0,1713.0,1718.7142857142858,1759.2142857142858
2013-03-16,2082.0,0,0,5,16,3,1,2013,1,1760.0,1972.0,1980.0,2046.0,1699.7142857142858,1760.892857142857
2013-03-17,745.0,0,0,6,17,3,1,2013,1,2082.0,854.0,914.0,630.0,1715.4285714285713,1762.1785714285713
2013-03-18,1830.0,0,0,0,18,3,1,2013,0,745.0,1809.0,2299.0,1799.0,1699.857142857143,1766.2857142857142
2013-03-19,1813.0,0,0,1,19,3,1,2013,0,1830.0,1808.0,1746.0,1923.0,1702.857142857143,1767.392857142857
2013-03-20,2200.0,0,0,2,20,3,1,2013,0,1813.0,2010.0,2475.0,2246.0,1703.5714285714287,1763.4642857142858
2013-03-21,1791.0,0,0,3,21,3,1,2013,0,2200.0,1685.0,1720.0,2023.0,1730.7142857142858,1761.8214285714287
2013-03-22,1981.0,0,0,4,22,3,1,2013,0,1791.0,1760.0,1893.0,1741.0,1745.857142857143,1753.5357142857142
2013-03-23,1953.0,0,0,5,23,3,1,2013,1,1981.0,2082.0,1972.0,1851.0,1777.4285714285713,1762.107142857143
2013-03-24,725.0,0,0,6,24,3,1,2013,1,1953.0,745.0,854.0,782.0,1759.0,1765.75
2013-03-25,1918.0,0,0,0,25,3,1,2013,0,725.0,1830.0,1809.0,1897.0,1756.142857142857,1763.7142857142858
2013-03-26,1768.0,0,0,1,26,3,1,2013,0,1918.0,1813.0,1808.0,1671.0,1768.7142857142858,1764.4642857142858
2013-03-27,2208.0,0,0,2,27,3,1,2013,0,1768.0,2200.0,2010.0,2174.0,1762.2857142857142,1767.9285714285713
2013-03-28,1875.0,0,0,3,28,3,1,2013,0,2208.0,1791.0,1685.0,1667.0,1763.4285714285713,1769.142857142857
2013-03-29,636.0,0,0,4,29,3,1,2013,0,1875.0,1981.0,1760.0,1930.0,1775.4285714285713,1776.5714285714287
2013-03-30,1609.0,0,0,5,30,3,1,2013,1,636.0,1953.0,2082.0,1980.0,1583.2857142857142,1730.357142857143
2013-03-31,747.0,0,0,6,31,3,1,2013,1,1609.0,725.0,745.0,914.0,1534.142857142857,1717.107142857143
2013-04-01,2322.0,0,0,0,1,4,2,2013,0,747.0,1918.0,1830.0,2299.0,1537.2857142857142,1711.142857142857
2013-04-02,2133.0,0,0,1,2,4,2,2013,0,2322.0,1768.0,1813.0,1746.0,1595.0,1711.9642857142858
2013-04-03,2666.0,0,0,2,3,4,2,2013,0,2133.0,2208.0,2200.0,2475.0,1647.142857142857,1725.7857142857142
2013-04-04,1785.0,0,0,3,4,4,2,2013,0,2666.0,1875.0,1791.0,1720.0,1712.5714285714287,1732.607142857143
2013-04-05,1950.0,0,0,4,5,4,2,2013,0,1785.0,636.0,1981.0,1893.0,1699.7142857142858,1734.9285714285713
2013-04-06,1932.0,0,0,5,6,4,2,2013,1,1950.0,1609.0,1953.0,1972.0,1887.4285714285713,1736.9642857142858
2013-04-07,796.0,0,0,6,7,4,2,2013,1,1932.0,747.0,725.0,854.0,1933.5714285714287,1735.5357142857142
2013-04-08,1855.0,0,0,0,8,4,2,2013,0,796.0,2322.0,1918.0,1809.0,1940.5714285714287,1733.4642857142858
2013-04-09,1675.0,0,0,1,9,4,2,2013,0,1855.0,2133.0,1768.0,1808.0,1873.857142857143,1735.107142857143
2013-04-10,2466.0,0,0,2,10,4,2,2013,0,1675.0,2666.0,2208.0,2010.0,1808.4285714285713,1730.357142857143
2013-04-11,1645.0,0,0,3,11,4,2,2013,0,2466.0,1785.0,1875.0,1685.0,1779.857142857143,1746.642857142857
2013-04-12,1965.0,0,0,4,12,4,2,2013,0,1645.0,1950.0,636.0,1760.0,1759.857142857143,1745.2142857142858
2013-04-13,1853.0,0,0,5,13,4,2,2013,1,1965.0,1932.0,1609.0,2082.0,1762.0,1752.5357142857142
2013-04-14,735.0,0,0,6,14,4,2,2013,1,1853.0,796.0,747.0,745.0,1750.7142857142858,1744.357142857143
2013-04-15,1871.0,0,0,0,15,4,2,2013,0,735.0,1855.0,2322.0,1830.0,1742.0,1744.0
2013-04-16,1997.0,0,0,1,16,4,2,2013,0,1871.0,1675.0,2133.0,1813.0,1744.2857142857142,1745.4642857142858
2013-04-17,2320.0,0,0,2,17,4,2,2013,0,1997.0,2466.0,2666.0,2200.0,1790.2857142857142,1752.0357142857142
2013-04-18,1814.0,0,0,3,18,4,2,2013,0,2320.0,1645.0,1785.0,1791.0,1769.4285714285713,1756.3214285714287
2013-04-19,1709.0,0,0,4,19,4,2,2013,0,1814.0,1965.0,1950.0,1981.0,1793.5714285714287,1757.142857142857
2013-04-20,1965.0,0,0,5,20,4,2,2013,1,1709.0,1853.0,1932.0,1953.0,1757.0,1747.4285714285713
2013-04-21,925.0,0,0,6,21,4,2,2013,1,1965.0,735.0,796.0,725.0,1773.0,1747.857142857143
2013-04-22,1848.0,0,0,0,22,4,2,2013,0,925.0,1871.0,1855.0,1918.0,1800.142857142857,1755.0
2013-04-23,1906.0,0,0,1,23,4,2,2013,0,1848.0,1997.0,1675.0,1768.0,1796.857142857143,1752.5
2013-04-24,3002.0,0,0,2,24,4,2,2013,0,1906.0,2320.0,2466.0,2208.0,1783.857142857143,1757.4285714285713
2013-04-25,1513.0,0,0,3,25,4,2,2013,0,3002.0,1814.0,1645.0,1875.0,1881.2857142857142,1785.7857142857142
2013-04-26,1894.0,0,0,4,26,4,2,2013,0,1513.0,1709.0,1965.0,636.0,1838.2857142857142,1772.857142857143
2013-04-27,1848.0,0,0,5,27,4,2,2013,1,1894.0,1965.0,1853.0,1609.0,1864.7142857142858,1817.7857142857142
2013-04-28,813.0,0,0,6,28,4,2,2013,1,1848.0,925.0,735.0,747.0,1848.0,1826.3214285714287
2013-04-29,1579.0,0,0,0,29,4,2,2013,0,813.0,1848.0,1871.0,2322.0,1832.0,1828.6785714285713
2013-04-30,1872.0,0,0,1,30,4,2,2013,0,1579.0,1906.0,1997.0,2133.0,1793.5714285714287,1802.142857142857
2013-05-01,966.0,0,0,2,1,5,2,2013,0,1872.0,3002.0,2320.0,2666.0,1788.7142857142858,1792.8214285714287
2013-05-02,1988.0,0,0,3,2,5,2,2013,0,966.0,1513.0,1814.0,1785.0,1497.857142857143,1732.107142857143
2013-05-03,2321.0,0,0,4,3,5,2,2013,0,1988.0,1894.0,1709.0,1950.0,1565.7142857142858,1739.357142857143
2013-05-04,2091.0,0,0,5,4,5,2,2013,1,2321.0,1848.0,1965.0,1932.0,1626.7142857142858,1752.607142857143
2013-05-05,1020.0,0,0,6,5,5,2,2013,1,2091.0,813.0,925.0,796.0,1661.4285714285713,1758.2857142857142
2013-05-06,2162.0,0,0,0,6,5,2,2013,0,1020.0,1579.0,1848.0,1855.0,1691.0,1766.2857142857142
2013-05-07,1938.0,0,0,1,7,5,2,2013,0,2162.0,1872.0,1906.0,1675.0,1774.2857142857142,1777.25
2013-05-08,2395.0,0,0,2,8,5,2,2013,0,1938.0,966.0,3002.0,2466.0,1783.7142857142858,1786.642857142857
2013-05-09,1746.0,0,0,3,9,5,2,2013,0,2395.0,1988.0,1513.0,1645.0,1987.857142857143,1784.107142857143
2013-05-10,1929.0,0,0,4,10,5,2,2013,0,1746.0,2321.0,1894.0,1965.0,1953.2857142857142,1787.7142857142858
2013-05-11,2244.0,0,0,5,11,5,2,2013,1,1929.0,2091.0,1848.0,1853.0,1897.2857142857142,1786.4285714285713
2013-05-12,674.0,0,0,6,12,5,2,2013,1,2244.0,1020.0,813.0,735.0,1919.142857142857,1800.392857142857
2013-05-13,1990.0,0,0,0,13,5,2,2013,0,674.0,2162.0,1579.0,1871.0,1869.7142857142858,1798.2142857142858
2013-05-14,2006.0,0,0,1,14,5,2,2013,0,1990.0,1938.0,1872.0,1997.0,1845.142857142857,1802.4642857142858
2013-05-15,2109.0,0,0,2,15,5,2,2013,0,2006.0,2395.0,966.0,2320.0,1854.857142857143,1802.7857142857142
2013-05-16,1902.0,0,0,3,16,5,2,2013,0,2109.0,1746.0,1988.0,1814.0,1814.0,1795.25
2013-05-17,1988.0,0,0,4,17,5,2,2013,0,1902.0,1929.0,2321.0,1709.0,1836.2857142857142,1798.392857142857
2013-05-18,2135.0,0,0,5,18,5,2,2013,1,1988.0,2244.0,2091.0,1965.0,1844.7142857142858,1808.357142857143
2013-05-19,764.0,0,0,6,19,5,2,2013,1,2135.0,674.0,1020.0,925.0,1829.142857142857,1814.4285714285713
2013-05-20,1949.0,0,0,0,20,5,2,2013,0,764.0,1990.0,2162.0,1848.0,1842.0,1808.6785714285713
2013-05-21,1916.0,0,0,1,21,5,2,2013,0,1949.0,2006.0,1938.0,1906.0,1836.142857142857,1812.2857142857142
2013-05-22,2098.0,0,0,2,22,5,2,2013,0,1916.0,2109.0,2395.0,3002.0,1823.2857142857142,1812.642857142857
2013-05-23,1926.0,0,0,3,23,5,2,2013,0,2098.0,1902.0,1746.0,1513.0,1821.7142857142858,1780.357142857143
2013-05-24,650.0,0,0,4,24,5,2,2013,0,1926.0,1988.0,1929.0,1894.0,1825.142857142857,1795.107142857143
2013-05-25,1527.0,0,0,5,25,5,2,2013,1,650.0,2135.0,2244.0,1848.0,1634.0,1750.6785714285713
2013-05-26,590.0,0,0,6,26,5,2,2013,1,1527.0,764.0,674.0,813.0,1547.142857142857,1739.2142857142858
2013-05-27,1825.0,0,0,0,27,5,2,2013,0,590.0,1949.0,1990.0,1579.0,1522.2857142857142,1731.25
2013-05-28,1944.0,0,0,1,28,5,2,2013,0,1825.0,1916.0,2006.0,1872.0,1504.5714285714287,1740.0357142857142
2013-05-29,2590.0,0,0,2,29,5,2,2013,0,1944.0,2098.0,2109.0,966.0,1508.5714285714287,1742.607142857143
2013-05-30,1796.0,0,0,3,30,5,2,2013,0,2590.0,1926.0,1902.0,1988.0,1578.857142857143,1800.607142857143
2013-05-31,2111.0,0,0,4,31,5,2,2013,0,1796.0,650.0,1988.0,2321.0,1560.2857142857142,1793.75
2013-06-01,2252.0,0,0,5,1,6,2,2013,1,2111.0,1527.0,2135.0,2091.0,1769.0,1786.25
2013-06-02,639.0,0,0,6,2,6,2,2013,1,2252.0,590.0,764.0,1020.0,1872.5714285714287,1792.0
2013-06-03,2403.0,0,0,0,3,6,2,2013,0,639.0,1825.0,1949.0,2162.0,1879.5714285714287,1778.392857142857
2013-06-04,2231.0,0,0,1,4,6,2,2013,0,2403.0,1944.0,1916.0,1938.0,1962.142857142857,1787.0
2013-06-05,2677.0,0,0,2,5,6,2,2013,0,2231.0,2590.0,2098.0,2395.0,2003.142857142857,1797.4642857142858
2013-06-06,2060.0,0,0,3,6,6,2,2013,0,2677.0,1796.0,1926.0,1746.0,2015.5714285714287,1807.5357142857142
2013-06-07,2144.0,0,0,4,7,6,2,2013,0,2060.0,2111.0,650.0,1929.0,2053.285714285714,1818.75
2013-06-08,2054.0,0,0,5,8,6,2,2013,1,2144.0,2252.0,1527.0,2244.0,2058.0,1826.4285714285713
2013-06-09,882.0,0,0,6,9,6,2,2013,1,2054.0,639.0,590.0,674.0,2029.7142857142858,1819.642857142857
2013-06-10,2012.0,0,0,0,10,6,2,2013,0,882.0,2403.0,1825.0,1990.0,2064.4285714285716,1827.0714285714287
2013-06-11,1967.0,0,0,1,11,6,2,2013,0,2012.0,2231.0,1944.0,2006.0,2008.5714285714287,1827.857142857143
2013-06-12,2220.0,0,0,2,12,6,2,2013,0,1967.0,2677.0,2590.0,2109.0,1970.857142857143,1826.4642857142858
2013-06-13,1589.0,0,0,3,13,6,2,2013,0,2220.0,2060.0,1796.0,1902.0,1905.5714285714287,1830.4285714285713
2013-06-14,2105.0,0,0,4,14,6,2,2013,0,1589.0,2144.0,2111.0,1988.0,1838.2857142857142,1819.25
2013-06-15,1844.0,0,0,5,15,6,2,2013,1,2105.0,2054.0,2252.0,2135.0,1832.7142857142858,1823.4285714285713
2013-06-16,633.0,0,0,6,16,6,2,2013,1,1844.0,882.0,639.0,764.0,1802.7142857142858,1813.0357142857142
2013-06-17,2105.0,0,0,0,17,6,2,2013,0,633.0,2012.0,2403.0,1949.0,1767.142857142857,1808.357142857143
2013-06-18,1912.0,0,0,1,18,6,2,2013,0,2105.0,1967.0,2231.0,1916.0,1780.4285714285713,1813.9285714285713
2013-06-19,2834.0,0,0,2,19,6,2,2013,0,1912.0,2220.0,2677.0,2098.0,1772.5714285714287,1813.7857142857142
2013-06-20,1769.0,0,0,3,20,6,2,2013,0,2834.0,1589.0,2060.0,1926.0,1860.2857142857142,1840.0714285714287
2013-06-21,1763.0,0,0,4,21,6,2,2013,0,1769.0,2105.0,2144.0,650.0,1886.0,1834.4642857142858
2013-06-22,1776.0,0,0,5,22,6,2,2013,1,1763.0,1844.0,2054.0,1527.0,1837.142857142857,1874.2142857142858
2013-06-23,834.0,0,0,6,23,6,2,2013,1,1776.0,633.0,882.0,590.0,1827.4285714285713,1883.107142857143
2013-06-24,1884.0,0,0,0,24,6,2,2013,0,834.0,2105.0,2012.0,1825.0,1856.142857142857,1891.8214285714287
2013-06-25,2127.0,0,0,1,25,6,2,2013,0,1884.0,1912.0,1967.0,1944.0,1824.5714285714287,1893.9285714285713
2013-06-26,2227.0,0,0,2,26,6,2,2013,0,2127.0,2834.0,2220.0,2590.0,1855.2857142857142,1900.4642857142858
2013-06-27,1727.0,0,0,3,27,6,2,2013,0,2227.0,1769.0,1589.0,1796.0,1768.5714285714287,1887.5
2013-06-28,1994.0,0,0,4,28,6,2,2013,0,1727.0,1763.0,2105.0,2111.0,1762.5714285714287,1885.0357142857142
2013-06-29,1926.0,0,0,5,29,6,2,2013,1,1994.0,1776.0,1844.0,2252.0,1795.5714285714287,1880.857142857143
2013-06-30,774.0,0,0,6,30,6,2,2013,1,1926.0,834.0,633.0,639.0,1817.0,1869.2142857142858
2013-07-01,2235.0,0,0,0,1,7,3,2013,0,774.0,1884.0,2105.0,2403.0,1808.4285714285713,1874.0357142857142
2013-07-02,2083.0,0,0,1,2,7,3,2013,0,2235.0,2127.0,1912.0,2231.0,1858.5714285714287,1868.0357142857142
2013-07-03,2587.0,0,0,2,3,7,3,2013,0,2083.0,2227.0,2834.0,2677.0,1852.2857142857142,1862.75
2013-07-04,1884.0,0,0,3,4,7,3,2013,0,2587.0,1727.0,1769.0,2060.0,1903.7142857142858,1859.5357142857142
2013-07-05,2052.0,0,0,4,5,7,3,2013,0,1884.0,1994.0,1763.0,2144.0,1926.142857142857,1853.25
2013-07-06,1768.0,0,0,5,6,7,3,2013,1,2052.0,1926.0,1776.0,2054.0,1934.4285714285713,1849.9642857142858
2013-07-07,864.0,0,0,6,7,7,3,2013,1,1768.0,774.0,834.0,882.0,1911.857142857143,1839.75
2013-07-08,2116.0,0,0,0,8,7,3,2013,0,864.0,2235.0,1884.0,2012.0,1924.7142857142858,1839.107142857143
2013-07-09,1926.0,0,0,1,9,7,3,2013,0,2116.0,2083.0,2127.0,1967.0,1907.7142857142858,1842.8214285714287
2013-07-10,2609.0,0,0,2,10,7,3,2013,0,1926.0,2587.0,2227.0,2220.0,1885.2857142857142,1841.357142857143
2013-07-11,1735.0,0,0,3,11,7,3,2013,0,2609.0,1884.0,1727.0,1589.0,1888.4285714285713,1855.25
2013-07-12,1990.0,0,0,4,12,7,3,2013,0,1735.0,2052.0,1994.0,2105.0,1867.142857142857,1860.4642857142858
2013-07-13,1950.0,0,0,5,13,7,3,2013,1,1990.0,1768.0,1926.0,1844.0,1858.2857142857142,1856.357142857143
2013-07-14,699.0,0,0,6,14,7,3,2013,1,1950.0,864.0,774.0,633.0,1884.2857142857142,1860.142857142857
2013-07-15,2100.0,0,0,0,15,7,3,2013,0,699.0,2116.0,2235.0,2105.0,1860.7142857142858,1862.5
2013-07-16,2357.0,0,0,1,16,7,3,2013,0,2100.0,1926.0,2083.0,1912.0,1858.4285714285713,1862.3214285714287
2013-07-17,2154.0,0,0,2,17,7,3,2013,0,2357.0,2609.0,2587.0,2834.0,1920.0,1878.2142857142858
2013-07-18,1826.0,0,0,3,18,7,3,2013,0,2154.0,1735.0,1884.0,1769.0,1855.0,1853.9285714285713
2013-07-19,1895.0,0,0,4,19,7,3,2013,0,1826.0,1990.0,2052.0,1763.0,1868.0,1855.9642857142858
2013-07-20,1840.0,0,0,5,20,7,3,2013,1,1895.0,1950.0,1768.0,1776.0,1854.4285714285713,1860.6785714285713
2013-07-21,735.0,0,0,6,21,7,3,2013,1,1840.0,699.0,864.0,834.0,1838.7142857142858,1862.9642857142858
2013-07-22,1824.0,0,0,0,22,7,3,2013,0,735.0,2100.0,2116.0,1884.0,1843.857142857143,1859.4285714285713
2013-07-23,2225.0,0,0,1,23,7,3,2013,0,1824.0,2357.0,1926.0,2127.0,1804.4285714285713,1857.2857142857142
2013-07-24,2004.0,0,0,2,24,7,3,2013,0,2225.0,2154.0,2609.0,2227.0,1785.5714285714287,1860.7857142857142
2013-07-25,1849.0,0,0,3,25,7,3,2013,0,2004.0,1826.0,1735.0,1727.0,1764.142857142857,1852.8214285714287
2013-07-26,1912.0,0,0,4,26,7,3,2013,0,1849.0,1895.0,1990.0,1994.0,1767.4285714285713,1857.1785714285713
2013-07-27,1768.0,0,0,5,27,7,3,2013,1,1912.0,1840.0,1950.0,1926.0,1769.857142857143,1854.25
2013-07-28,690.0,0,0,6,28,7,3,2013,1,1768.0,735.0,699.0,774.0,1759.5714285714287,1848.607142857143
2013-07-29,2155.0,0,0,0,29,7,3,2013,0,690.0,1824.0,2100.0,2235.0,1753.142857142857,1845.607142857143
2013-07-30,1673.0,0,0,1,30,7,3,2013,0,2155.0,2225.0,2357.0,2083.0,1800.4285714285713,1842.75
2013-07-31,2232.0,0,0,2,31,7,3,2013,0,1673.0,2004.0,2154.0,2587.0,1721.5714285714287,1828.107142857143
2013-08-01,2453.0,0,0,3,1,8,3,2013,0,2232.0,1849.0,1826.0,1884.0,1754.142857142857,1815.4285714285713
2013-08-02,1836.0,0,0,4,2,8,3,2013,0,2453.0,1912.0,1895.0,2052.0,1840.4285714285713,1835.75
2013-08-03,2038.0,0,0,5,3,8,3,2013,1,1836.0,1768.0,1840.0,1768.0,1829.5714285714287,1828.0357142857142
2013-08-04,704.0,0,0,6,4,8,3,2013,1,2038.0,690.0,735.0,864.0,1868.142857142857,1837.6785714285713
2013-08-05,2219.0,0,0,0,5,8,3,2013,0,704.0,2155.0,1824.0,2116.0,1870.142857142857,1831.9642857142858
2013-08-06,1903.0,0,0,1,6,8,3,2013,0,2219.0,1673.0,2225.0,1926.0,1879.2857142857142,1835.642857142857
2013-08-07,2155.0,0,0,2,7,8,3,2013,0,1903.0,2232.0,2004.0,2609.0,1912.142857142857,1834.8214285714287
2013-08-08,1658.0,0,0,3,8,8,3,2013,0,2155.0,2453.0,1849.0,1735.0,1901.142857142857,1818.607142857143
2013-08-09,2039.0,0,0,4,9,8,3,2013,0,1658.0,1836.0,1912.0,1990.0,1787.5714285714287,1815.857142857143
2013-08-10,1315.0,0,0,5,10,8,3,2013,1,2039.0,2038.0,1768.0,1950.0,1816.5714285714287,1817.607142857143
2013-08-11,664.0,0,0,6,11,8,3,2013,1,1315.0,704.0,690.0,699.0,1713.2857142857142,1794.9285714285713
2013-08-12,2121.0,0,0,0,12,8,3,2013,0,664.0,2219.0,2155.0,2100.0,1707.5714285714287,1793.6785714285713
2013-08-13,1752.0,0,0,1,13,8,3,2013,0,2121.0,1903.0,1673.0,2357.0,1693.5714285714287,1794.4285714285713
2013-08-14,2157.0,0,0,2,14,8,3,2013,0,1752.0,2155.0,2232.0,2154.0,1672.0,1772.8214285714287
2013-08-15,1811.0,0,0,3,15,8,3,2013,0,2157.0,1658.0,2453.0,1826.0,1672.2857142857142,1772.9285714285713
2013-08-16,1898.0,0,0,4,16,8,3,2013,0,1811.0,2039.0,1836.0,1895.0,1694.142857142857,1772.392857142857
2013-08-17,1801.0,0,0,5,17,8,3,2013,1,1898.0,1315.0,2038.0,1840.0,1674.0,1772.5
2013-08-18,689.0,0,0,6,18,8,3,2013,1,1801.0,664.0,704.0,735.0,1743.4285714285713,1771.107142857143
2013-08-19,1743.0,0,0,0,19,8,3,2013,0,689.0,2121.0,2219.0,1824.0,1747.0,1769.4642857142858
2013-08-20,1817.0,0,0,1,20,8,3,2013,0,1743.0,1752.0,1903.0,2225.0,1693.0,1766.5714285714287
2013-08-21,2154.0,0,0,2,21,8,3,2013,0,1817.0,2157.0,2155.0,2004.0,1702.2857142857142,1752.0
2013-08-22,1676.0,0,0,3,22,8,3,2013,0,2154.0,1811.0,1658.0,1849.0,1701.857142857143,1757.357142857143
2013-08-23,2032.0,0,0,4,23,8,3,2013,0,1676.0,1898.0,2039.0,1912.0,1682.5714285714287,1751.1785714285713
2013-08-24,1667.0,0,0,5,24,8,3,2013,1,2032.0,1801.0,1315.0,1768.0,1701.7142857142858,1755.4642857142858
2013-08-25,813.0,0,0,6,25,8,3,2013,1,1667.0,689.0,664.0,690.0,1682.5714285714287,1751.857142857143
2013-08-26,1863.0,0,0,0,26,8,3,2013,0,813.0,1743.0,2121.0,2155.0,1700.2857142857142,1756.25
2013-08-27,2118.0,0,0,1,27,8,3,2013,0,1863.0,1817.0,1752.0,1673.0,1717.4285714285713,1745.8214285714287
2013-08-28,2231.0,0,0,2,28,8,3,2013,0,2118.0,2154.0,2157.0,2232.0,1760.4285714285713,1761.7142857142858
2013-08-29,1723.0,0,0,3,29,8,3,2013,0,2231.0,1676.0,1811.0,2453.0,1771.4285714285713,1761.6785714285713
2013-08-30,1943.0,0,0,4,30,8,3,2013,0,1723.0,2032.0,1898.0,1836.0,1778.142857142857,1735.607142857143
2013-08-31,1897.0,0,0,5,31,8,3,2013,1,1943.0,1667.0,1801.0,2038.0,1765.4285714285713,1739.4285714285713
2013-09-01,992.0,0,0,6,1,9,3,2013,1,1897.0,813.0,689.0,704.0,1798.2857142857142,1734.392857142857
2013-09-02,1952.0,0,0,0,2,9,3,2013,0,992.0,1863.0,1743.0,2219.0,1823.857142857143,1744.6785714285713
2013-09-03,1885.0,0,0,1,3,9,3,2013,0,1952.0,2118.0,1817.0,1903.0,1836.5714285714287,1735.142857142857
2013-09-04,2460.0,0,0,2,4,9,3,2013,0,1885.0,2231.0,2154.0,2155.0,1803.2857142857142,1734.5
2013-09-05,1809.0,0,0,3,5,9,3,2013,0,2460.0,1723.0,1676.0,1658.0,1836.0,1745.392857142857
2013-09-06,2050.0,0,0,4,6,9,3,2013,0,1809.0,1943.0,2032.0,2039.0,1848.2857142857142,1750.7857142857142
2013-09-07,2002.0,0,0,5,7,9,3,2013,1,2050.0,1897.0,1667.0,1315.0,1863.5714285714287,1751.1785714285713
2013-09-08,888.0,0,0,6,8,9,3,2013,1,2002.0,992.0,813.0,664.0,1878.5714285714287,1775.7142857142858
2013-09-09,1964.0,0,0,0,9,9,3,2013,0,888.0,1952.0,1863.0,2121.0,1863.7142857142858,1783.7142857142858
2013-09-10,1748.0,0,0,1,10,9,3,2013,0,1964.0,1885.0,2118.0,1752.0,1865.4285714285713,1778.107142857143
2013-09-11,2356.0,0,0,2,11,9,3,2013,0,1748.0,2460.0,2231.0,2157.0,1845.857142857143,1777.9642857142858
2013-09-12,2145.0,0,0,3,12,9,3,2013,0,2356.0,1809.0,1723.0,1811.0,1831.0,1785.0714285714287
2013-09-13,2184.0,0,0,4,13,9,3,2013,0,2145.0,2050.0,1943.0,1898.0,1879.0,1797.0
2013-09-14,1834.0,0,0,5,14,9,3,2013,1,2184.0,2002.0,1897.0,1801.0,1898.142857142857,1807.2142857142858
2013-09-15,977.0,0,0,6,15,9,3,2013,1,1834.0,888.0,992.0,689.0,1874.142857142857,1808.392857142857
2013-09-16,2054.0,0,0,0,16,9,3,2013,0,977.0,1964.0,1952.0,1743.0,1886.857142857143,1818.6785714285713
2013-09-17,1783.0,0,0,1,17,9,3,2013,0,2054.0,1748.0,1885.0,1817.0,1899.7142857142858,1829.7857142857142
2013-09-18,2054.0,0,0,2,18,9,3,2013,0,1783.0,2356.0,2460.0,2154.0,1904.7142857142858,1828.5714285714287
2013-09-19,1837.0,0,0,3,19,9,3,2013,0,2054.0,2145.0,1809.0,1676.0,1861.5714285714287,1825.0
2013-09-20,1720.0,0,0,4,20,9,3,2013,0,1837.0,2184.0,2050.0,2032.0,1817.5714285714287,1830.75
2013-09-21,2017.0,0,0,5,21,9,3,2013,1,1720.0,1834.0,2002.0,1667.0,1751.2857142857142,1819.607142857143
2013-09-22,779.0,0,0,6,22,9,3,2013,1,2017.0,977.0,888.0,813.0,1777.4285714285713,1832.107142857143
2013-09-23,1935.0,0,0,0,23,9,3,2013,0,779.0,2054.0,1964.0,1863.0,1749.142857142857,1830.892857142857
2013-09-24,1992.0,0,0,1,24,9,3,2013,0,1935.0,1783.0,1748.0,2118.0,1732.142857142857,1833.4642857142858
2013-09-25,2248.0,0,0,2,25,9,3,2013,0,1992.0,2054.0,2356.0,2231.0,1762.0,1828.9642857142858
2013-09-26,1721.0,0,0,3,26,9,3,2013,0,2248.0,1837.0,2145.0,1723.0,1789.7142857142858,1829.5714285714287
2013-09-27,1932.0,0,0,4,27,9,3,2013,0,1721.0,1720.0,2184.0,1943.0,1773.142857142857,1829.5
2013-09-28,1821.0,0,0,5,28,9,3,2013,1,1932.0,2017.0,1834.0,1897.0,1803.4285714285713,1829.107142857143
2013-09-29,977.0,0,0,6,29,9,3,2013,1,1821.0,779.0,977.0,992.0,1775.4285714285713,1826.392857142857
2013-09-30,1989.0,0,0,0,30,9,3,2013,0,977.0,1935.0,2054.0,1952.0,1803.7142857142858,1825.857142857143
2013-10-01,2820.0,0,0,1,1,10,4,2013,0,1989.0,1992.0,1783.0,1885.0,1811.4285714285713,1827.1785714285713
2013-10-02,2731.0,0,0,2,2,10,4,2013,0,2820.0,2248.0,2054.0,2460.0,1929.7142857142858,1860.5714285714287
2013-10-03,1929.0,0,0,3,3,10,4,2013,0,2731.0,1721.0,1837.0,1809.0,1998.7142857142858,1870.25
2013-10-04,2192.0,0,0,4,4,10,4,2013,0,1929.0,1932.0,1720.0,2050.0,2028.4285714285713,1874.5357142857142
2013-10-05,1934.0,0,0,5,5,10,4,2013,1,2192.0,1821.0,2017.0,2002.0,2065.5714285714284,1879.607142857143
2013-10-06,914.0,0,0,6,6,10,4,2013,1,1934.0,977.0,779.0,888.0,2081.714285714286,1877.1785714285713
2013-10-07,2124.0,0,0,0,7,10,4,2013,0,914.0,1989.0,1935.0,1964.0,2072.714285714286,1878.107142857143
2013-10-08,2189.0,0,0,1,8,10,4,2013,0,2124.0,2820.0,1992.0,1748.0,2092.0,1883.8214285714287
2013-10-09,2289.0,0,0,2,9,10,4,2013,0,2189.0,2731.0,2248.0,2356.0,2001.857142857143,1899.5714285714287
2013-10-10,1898.0,0,0,3,10,10,4,2013,0,2289.0,1929.0,1721.0,2145.0,1938.7142857142858,1897.1785714285713
2013-10-11,1239.0,0,0,4,11,10,4,2013,0,1898.0,2192.0,1932.0,2184.0,1934.2857142857142,1888.357142857143
2013-10-12,1428.0,0,0,5,12,10,4,2013,1,1239.0,1934.0,1821.0,1834.0,1798.142857142857,1854.607142857143
2013-10-13,850.0,0,0,6,13,10,4,2013,1,1428.0,914.0,977.0,977.0,1725.857142857143,1840.107142857143
2013-10-14,2031.0,0,0,0,14,10,4,2013,0,850.0,2124.0,1989.0,2054.0,1716.7142857142858,1835.5714285714287
2013-10-15,2082.0,0,0,1,15,10,4,2013,0,2031.0,2189.0,2820.0,1783.0,1703.4285714285713,1834.75
2013-10-16,2155.0,0,0,2,16,10,4,2013,0,2082.0,2289.0,2731.0,2054.0,1688.142857142857,1845.4285714285713
2013-10-17,2129.0,0,0,3,17,10,4,2013,0,2155.0,1898.0,1929.0,1837.0,1669.0,1849.0357142857142
2013-10-18,2014.0,0,0,4,18,10,4,2013,0,2129.0,1239.0,2192.0,1720.0,1702.0,1859.4642857142858
2013-10-19,2082.0,0,0,5,19,10,4,2013,1,2014.0,1428.0,1934.0,2017.0,1812.7142857142858,1869.9642857142858
2013-10-20,946.0,0,0,6,20,10,4,2013,1,2082.0,850.0,914.0,779.0,1906.142857142857,1872.2857142857142
2013-10-21,2094.0,0,0,0,21,10,4,2013,0,946.0,2031.0,2124.0,1935.0,1919.857142857143,1878.25
2013-10-22,2416.0,0,0,1,22,10,4,2013,0,2094.0,2082.0,2189.0,1992.0,1928.857142857143,1883.9285714285713
2013-10-23,2437.0,0,0,2,23,10,4,2013,0,2416.0,2155.0,2289.0,2248.0,1976.5714285714287,1899.0714285714287
2013-10-24,1767.0,0,0,3,24,10,4,2013,0,2437.0,2129.0,1898.0,1721.0,2016.857142857143,1905.8214285714287
2013-10-25,1946.0,0,0,4,25,10,4,2013,0,1767.0,2014.0,1239.0,1932.0,1965.142857142857,1907.4642857142858
2013-10-26,1965.0,0,0,5,26,10,4,2013,1,1946.0,2082.0,1428.0,1821.0,1955.4285714285713,1907.9642857142858
2013-10-27,1027.0,0,0,6,27,10,4,2013,1,1965.0,946.0,850.0,977.0,1938.7142857142858,1913.107142857143
2013-10-28,2046.0,0,0,0,28,10,4,2013,0,1027.0,2094.0,2031.0,1989.0,1950.2857142857142,1914.892857142857
2013-10-29,2231.0,0,0,1,29,10,4,2013,0,2046.0,2416.0,2082.0,2820.0,1943.4285714285713,1916.9285714285713
2013-10-30,2374.0,0,0,2,30,10,4,2013,0,2231.0,2437.0,2155.0,2731.0,1917.0,1895.892857142857
2013-10-31,1833.0,0,0,3,31,10,4,2013,0,2374.0,1767.0,2129.0,1929.0,1908.0,1883.142857142857
2013-11-01,2256.0,0,0,4,1,11,4,2013,0,1833.0,1946.0,2014.0,2192.0,1917.4285714285713,1879.7142857142858
2013-11-02,1894.0,0,0,5,2,11,4,2013,1,2256.0,1965.0,2082.0,1934.0,1961.7142857142858,1882.0
2013-11-03,996.0,0,0,6,3,11,4,2013,1,1894.0,1027.0,946.0,914.0,1951.5714285714287,1880.5714285714287
2013-11-04,2327.0,0,0,0,4,11,4,2013,0,996.0,2046.0,2094.0,2124.0,1947.142857142857,1883.5
2013-11-05,2364.0,0,0,1,5,11,4,2013,0,2327.0,2231.0,2416.0,2189.0,1987.2857142857142,1890.75
2013-11-06,2458.0,0,0,2,6,11,4,2013,0,2364.0,2374.0,2437.0,2289.0,2006.2857142857142,1897.0
2013-11-07,1936.0,0,0,3,7,11,4,2013,0,2458.0,1833.0,1767.0,1898.0,2018.2857142857142,1903.0357142857142
2013-11-08,2149.0,0,0,4,8,11,4,2013,0,1936.0,2256.0,1946.0,1239.0,2033.0,1904.392857142857
2013-11-09,2040.0,0,0,5,9,11,4,2013,1,2149.0,1894.0,1965.0,1428.0,2017.7142857142858,1936.892857142857
2013-11-10,968.0,0,0,6,10,11,4,2013,1,2040.0,996.0,1027.0,850.0,2038.5714285714287,1958.75
2013-11-11,2097.0,0,0,0,11,11,4,2013,0,968.0,2327.0,2046.0,2031.0,2034.5714285714287,1962.9642857142858
2013-11-12,1955.0,0,0,1,12,11,4,2013,0,2097.0,2364.0,2231.0,2082.0,2001.7142857142858,1965.3214285714287
2013-11-13,2910.0,0,0,2,13,11,4,2013,0,1955.0,2458.0,2374.0,2155.0,1943.2857142857142,1960.7857142857142
2013-11-14,2133.0,0,0,3,14,11,4,2013,0,2910.0,1936.0,1833.0,2129.0,2007.857142857143,1987.75
2013-11-15,1848.0,0,0,4,15,11,4,2013,0,2133.0,2149.0,2256.0,2014.0,2036.0,1987.892857142857
2013-11-16,1976.0,0,0,5,16,11,4,2013,1,1848.0,2040.0,1894.0,2082.0,1993.0,1981.9642857142858
2013-11-17,800.0,0,0,6,17,11,4,2013,1,1976.0,968.0,996.0,946.0,1983.857142857143,1978.1785714285713
2013-11-18,2179.0,0,0,0,18,11,4,2013,0,800.0,2097.0,2327.0,2094.0,1959.857142857143,1972.9642857142858
2013-11-19,2471.0,0,0,1,19,11,4,2013,0,2179.0,1955.0,2364.0,2416.0,1971.5714285714287,1976.0
2013-11-20,2530.0,0,0,2,20,11,4,2013,0,2471.0,2910.0,2458.0,2437.0,2045.2857142857142,1977.9642857142858
2013-11-21,1938.0,0,0,3,21,11,4,2013,0,2530.0,2133.0,1936.0,1767.0,1991.0,1981.2857142857142
2013-11-22,2108.0,0,0,4,22,11,4,2013,0,1938.0,1848.0,2149.0,1946.0,1963.142857142857,1987.392857142857
2013-11-23,1939.0,0,0,5,23,11,4,2013,1,2108.0,1976.0,2040.0,1965.0,2000.2857142857142,1993.1785714285713
2013-11-24,790.0,0,0,6,24,11,4,2013,1,1939.0,800.0,968.0,1027.0,1995.0,1992.25
2013-11-25,2492.0,0,0,0,25,11,4,2013,0,790.0,2179.0,2097.0,2046.0,1993.5714285714287,1983.7857142857142
2013-11-26,2138.0,0,0,1,26,11,4,2013,0,2492.0,2471.0,1955.0,2231.0,2038.2857142857142,1999.7142857142858
2013-11-27,2454.0,0,0,2,27,11,4,2013,0,2138.0,2530.0,2910.0,2374.0,1990.7142857142858,1996.392857142857
2013-11-28,1852.0,0,0,3,28,11,4,2013,0,2454.0,1938.0,2133.0,1833.0,1979.857142857143,1999.25
2013-11-29,1931.0,0,0,4,29,11,4,2013,0,1852.0,2108.0,1848.0,2256.0,1967.5714285714287,1999.9285714285713
2013-11-30,2071.0,0,0,5,30,11,4,2013,1,1931.0,1939.0,1976.0,1894.0,1942.2857142857142,1988.3214285714287
2013-12-01,1034.0,0,0,6,1,12,4,2013,1,2071.0,790.0,800.0,996.0,1961.142857142857,1994.642857142857
2013-12-02,2285.0,0,0,0,2,12,4,2013,0,1034.0,2492.0,2179.0,2327.0,1996.0,1996.0
2013-12-03,2400.0,0,0,1,3,12,4,2013,0,2285.0,2138.0,2471.0,2364.0,1966.4285714285713,1994.5
2013-12-04,4311.0,0,0,2,4,12,4,2013,0,2400.0,2454.0,2530.0,2458.0,2003.857142857143,1995.7857142857142
2013-12-05,2025.0,0,0,3,5,12,4,2013,0,4311.0,1852.0,1938.0,1936.0,2269.1428571428573,2061.964285714286
2013-12-06,817.0,0,0,4,6,12,4,2013,0,2025.0,1931.0,2108.0,2149.0,2293.8571428571427,2065.1428571428573
2013-12-07,1815.0,0,0,5,7,12,4,2013,1,817.0,2071.0,1939.0,2040.0,2134.714285714286,2017.5714285714287
2013-12-08,921.0,0,0,6,8,12,4,2013,1,1815.0,1034.0,790.0,968.0,2098.1428571428573,2009.5357142857142
2013-12-09,2347.0,0,0,0,9,12,4,2013,0,921.0,2285.0,2492.0,2097.0,2082.0,2007.857142857143
2013-12-10,2835.0,0,0,1,10,12,4,2013,0,2347.0,2400.0,2138.0,1955.0,2090.8571428571427,2016.7857142857142
2013-12-11,3833.0,0,0,2,11,12,4,2013,0,2835.0,4311.0,2454.0,2910.0,2153.0,2048.214285714286
2013-12-12,3660.0,0,0,3,12,12,4,2013,0,3833.0,2025.0,1852.0,2133.0,2084.714285714286,2081.1785714285716
2013-12-13,2546.0,0,0,4,13,12,4,2013,0,3660.0,817.0,1931.0,1848.0,2318.285714285714,2135.714285714286
2013-12-14,2331.0,0,0,5,14,12,4,2013,1,2546.0,1815.0,2071.0,1976.0,2565.285714285714,2160.6428571428573
2013-12-15,1167.0,0,0,6,15,12,4,2013,1,2331.0,921.0,1034.0,800.0,2639.0,2173.3214285714284
2013-12-16,2679.0,0,0,0,16,12,4,2013,0,1167.0,2347.0,2285.0,2179.0,2674.1428571428573,2186.4285714285716
2013-12-17,2713.0,0,0,1,17,12,4,2013,0,2679.0,2835.0,2400.0,2471.0,2721.5714285714284,2204.285714285714
2013-12-18,3702.0,0,0,2,18,12,4,2013,0,2713.0,3833.0,4311.0,2530.0,2704.1428571428573,2212.9285714285716
2013-12-19,3030.0,0,0,3,19,12,4,2013,0,3702.0,3660.0,2025.0,1938.0,2685.4285714285716,2254.785714285714
2013-12-20,3972.0,0,0,4,20,12,4,2013,0,3030.0,2546.0,817.0,2108.0,2595.4285714285716,2293.785714285714
2013-12-21,2916.0,0,0,5,21,12,4,2013,1,3972.0,2331.0,1815.0,1939.0,2799.1428571428573,2360.3571428571427
2013-12-22,2136.0,0,0,6,22,12,4,2013,1,2916.0,1167.0,921.0,790.0,2882.714285714286,2395.25
2013-12-23,4367.0,0,0,0,23,12,4,2013,0,2136.0,2679.0,2347.0,2492.0,3021.1428571428573,2443.3214285714284
2013-12-24,3036.0,0,0,1,24,12,4,2013,0,4367.0,2713.0,2835.0,2138.0,3262.285714285714,2510.285714285714
2013-12-25,0.0,0,1,2,25,12,4,2013,0,3036.0,3702.0,3833.0,2454.0,3308.4285714285716,2542.3571428571427
2013-12-26,2052.0,0,0,3,26,12,4,2013,0,0.0,3030.0,3660.0,1852.0,2779.5714285714284,2454.714285714286
2013-12-27,2152.0,0,0,4,27,12,4,2013,0,2052.0,3972.0,2546.0,1931.0,2639.8571428571427,2461.8571428571427
2013-12-28,1323.0,0,0,5,28,12,4,2013,1,2152.0,2916.0,2331.0,2071.0,2379.8571428571427,2469.75
2013-12-29,529.0,0,0,6,29,12,4,2013,1,1323.0,2136.0,1167.0,1034.0,2152.285714285714,2443.035714285714
2013-12-30,1485.0,0,0,0,30,12,4,2013,0,529.0,4367.0,2679.0,2285.0,1922.7142857142858,2425.0
2013-12-31,1490.0,0,0,1,31,12,4,2013,0,1485.0,3036.0,2713.0,2400.0,1511.0,2396.4285714285716
2014-01-01,0.0,0,0,2,1,1,1,2014,0,1490.0,0.0,3702.0,4311.0,1290.142857142857,2363.9285714285716
2014-01-02,2441.0,0,0,3,2,1,1,2014,0,0.0,2052.0,3030.0,2025.0,1290.142857142857,2209.964285714286
2014-01-03,2117.0,0,0,4,3,1,1,2014,0,2441.0,2152.0,3972.0,817.0,1345.7142857142858,2224.8214285714284
2014-01-04,2233.0,0,0,5,4,1,1,2014,1,2117.0,1323.0,2916.0,1815.0,1340.7142857142858,2271.25
2014-01-05,960.0,0,0,6,5,1,1,2014,1,2233.0,529.0,2136.0,921.0,1470.7142857142858,2286.1785714285716
2014-01-06,2157.0,0,0,0,6,1,1,2014,0,960.0,1485.0,4367.0,2347.0,1532.2857142857142,2287.5714285714284
2014-01-07,2077.0,0,0,1,7,1,1,2014,0,2157.0,1490.0,3036.0,2835.0,1628.2857142857142,2280.785714285714
2014-01-08,2728.0,0,0,2,8,1,1,2014,0,2077.0,0.0,0.0,3833.0,1712.142857142857,2253.714285714286
2014-01-09,2059.0,0,0,3,9,1,1,2014,0,2728.0,2441.0,2052.0,3660.0,2101.8571428571427,2214.25
2014-01-10,1984.0,0,0,4,10,1,1,2014,0,2059.0,2117.0,2152.0,2546.0,2047.2857142857142,2157.0714285714284
2014-01-11,2100.0,0,0,5,11,1,1,2014,1,1984.0,2233.0,1323.0,2331.0,2028.2857142857142,2137.0
2014-01-12,893.0,0,0,6,12,1,1,2014,1,2100.0,960.0,529.0,1167.0,2009.2857142857142,2128.75
2014-01-13,2140.0,0,0,0,13,1,1,2014,0,893.0,2157.0,1485.0,2679.0,1999.7142857142858,2118.964285714286
2014-01-14,1980.0,0,0,1,14,1,1,2014,0,2140.0,2077.0,1490.0,2713.0,1997.2857142857142,2099.714285714286
2014-01-15,2774.0,0,0,2,15,1,1,2014,0,1980.0,2728.0,0.0,3702.0,1983.4285714285713,2073.535714285714
2014-01-16,1766.0,0,0,3,16,1,1,2014,0,2774.0,2059.0,2441.0,3030.0,1990.0,2040.392857142857
2014-01-17,2018.0,0,0,4,17,1,1,2014,0,1766.0,1984.0,2117.0,3972.0,1948.142857142857,1995.25
2014-01-18,2026.0,0,0,5,18,1,1,2014,1,2018.0,2100.0,2233.0,2916.0,1953.0,1925.4642857142858
2014-01-19,924.0,0,0,6,19,1,1,2014,1,2026.0,893.0,960.0,2136.0,1942.4285714285713,1893.6785714285713
2014-01-20,2013.0,0,0,0,20,1,1,2014,0,924.0,2140.0,2157.0,4367.0,1946.857142857143,1850.392857142857
2014-01-21,2290.0,0,0,1,21,1,1,2014,0,2013.0,1980.0,2077.0,3036.0,1928.7142857142858,1766.3214285714287
2014-01-22,2370.0,0,0,2,22,1,1,2014,0,2290.0,2774.0,2728.0,0.0,1973.0,1739.6785714285713
2014-01-23,1897.0,0,0,3,23,1,1,2014,0,2370.0,1766.0,2059.0,2052.0,1915.2857142857142,1824.3214285714287
2014-01-24,2183.0,0,0,4,24,1,1,2014,0,1897.0,2018.0,1984.0,2152.0,1934.0,1818.7857142857142
2014-01-25,1779.0,0,0,5,25,1,1,2014,1,2183.0,2026.0,2100.0,1323.0,1957.5714285714287,1819.892857142857
2014-01-26,1013.0,0,0,6,26,1,1,2014,1,1779.0,924.0,893.0,529.0,1922.2857142857142,1836.1785714285713
2014-01-27,2085.0,0,0,0,27,1,1,2014,0,1013.0,2013.0,2140.0,1485.0,1935.0,1853.4642857142858
2014-01-28,1948.0,0,0,1,28,1,1,2014,0,2085.0,2290.0,1980.0,1490.0,1945.2857142857142,1874.892857142857
2014-01-29,2514.0,0,0,2,29,1,1,2014,0,1948.0,2370.0,2774.0,0.0,1896.4285714285713,1891.25
2014-01-30,1719.0,0,0,3,30,1,1,2014,0,2514.0,1897.0,1766.0,2441.0,1917.0,1981.0357142857142
2014-01-31,2059.0,0,0,4,31,1,1,2014,0,1719.0,2183.0,2018.0,2117.0,1891.5714285714287,1955.25
2014-02-01,2299.0,0,0,5,1,2,1,2014,1,2059.0,1779.0,2026.0,2233.0,1873.857142857143,1953.1785714285713
2014-02-02,899.0,0,0,6,2,2,1,2014,1,2299.0,1013.0,924.0,960.0,1948.142857142857,1955.5357142857142
2014-02-03,2175.0,0,0,0,3,2,1,2014,0,899.0,2085.0,2013.0,2157.0,1931.857142857143,1953.357142857143
2014-02-04,1917.0,0,0,1,4,2,1,2014,0,2175.0,1948.0,2290.0,2077.0,1944.7142857142858,1954.0
2014-02-05,2888.0,0,0,2,5,2,1,2014,0,1917.0,2514.0,2370.0,2728.0,1940.2857142857142,1948.2857142857142
2014-02-06,1923.0,0,0,3,6,2,1,2014,0,2888.0,1719.0,1897.0,2059.0,1993.7142857142858,1954.0
2014-02-07,1985.0,0,0,4,7,2,1,2014,0,1923.0,2059.0,2183.0,1984.0,2022.857142857143,1949.142857142857
2014-02-08,1913.0,0,0,5,8,2,1,2014,1,1985.0,2299.0,1779.0,2100.0,2012.2857142857142,1949.1785714285713
2014-02-09,838.0,0,0,6,9,2,1,2014,1,1913.0,899.0,1013.0,893.0,1957.142857142857,1942.5
2014-02-10,2165.0,0,0,0,10,2,1,2014,0,838.0,2175.0,2085.0,2140.0,1948.4285714285713,1940.5357142857142
2014-02-11,2240.0,0,0,1,11,2,1,2014,0,2165.0,1917.0,1948.0,1980.0,1947.0,1941.4285714285713
2014-02-12,2656.0,0,0,2,12,2,1,2014,0,2240.0,2888.0,2514.0,2774.0,1993.142857142857,1950.7142857142858
2014-02-13,1904.0,0,0,3,13,2,1,2014,0,2656.0,1923.0,1719.0,1766.0,1960.0,1946.5
2014-02-14,2107.0,0,0,4,14,2,1,2014,0,1904.0,1985.0,2059.0,2018.0,1957.2857142857142,1951.4285714285713
2014-02-15,2215.0,0,0,5,15,2,1,2014,1,2107.0,1913.0,2299.0,2026.0,1974.7142857142858,1954.607142857143
2014-02-16,1015.0,0,0,6,16,2,1,2014,1,2215.0,838.0,899.0,924.0,2017.857142857143,1961.357142857143
2014-02-17,2023.0,0,0,0,17,2,1,2014,0,1015.0,2165.0,2175.0,2013.0,2043.142857142857,1964.607142857143
2014-02-18,2425.0,0,0,1,18,2,1,2014,0,2023.0,2240.0,1917.0,2290.0,2022.857142857143,1964.9642857142858
2014-02-19,2319.0,0,0,2,19,2,1,2014,0,2425.0,2656.0,2888.0,2370.0,2049.285714285714,1969.7857142857142
2014-02-20,1931.0,0,0,3,20,2,1,2014,0,2319.0,1904.0,1923.0,1897.0,2001.142857142857,1967.9642857142858
2014-02-21,1942.0,0,0,4,21,2,1,2014,0,1931.0,2107.0,1985.0,2183.0,2005.0,1969.1785714285713
2014-02-22,2088.0,0,0,5,22,2,1,2014,1,1942.0,2215.0,1913.0,1779.0,1981.4285714285713,1960.5714285714287
2014-02-23,784.0,0,0,6,23,2,1,2014,1,2088.0,1015.0,838.0,1013.0,1963.2857142857142,1971.607142857143
2014-02-24,2187.0,0,0,0,24,2,1,2014,0,784.0,2023.0,2165.0,2085.0,1930.2857142857142,1963.4285714285713
2014-02-25,2012.0,0,0,1,25,2,1,2014,0,2187.0,2425.0,2240.0,1948.0,1953.7142857142858,1967.0714285714287
2014-02-26,2140.0,0,0,2,26,2,1,2014,0,2012.0,2319.0,2656.0,2514.0,1894.7142857142858,1969.357142857143
2014-02-27,1649.0,0,0,3,27,2,1,2014,0,2140.0,1931.0,1904.0,1719.0,1869.142857142857,1956.0
2014-02-28,2002.0,0,0,4,28,2,1,2014,0,1649.0,1942.0,2107.0,2059.0,1828.857142857143,1953.5
2014-03-01,1845.0,0,0,5,1,3,1,2014,1,2002.0,2088.0,2215.0,2299.0,1837.4285714285713,1951.4642857142858
2014-03-02,444.0,0,0,6,2,3,1,2014,1,1845.0,784.0,1015.0,899.0,1802.7142857142858,1935.25
2014-03-03,558.0,0,0,0,3,3,1,2014,0,444.0,2187.0,2023.0,2175.0,1754.142857142857,1919.0
2014-03-04,740.0,0,0,1,4,3,1,2014,0,558.0,2012.0,2425.0,1917.0,1521.4285714285713,1861.25
2014-03-05,2750.0,0,0,2,5,3,1,2014,0,740.0,2140.0,2319.0,2888.0,1339.7142857142858,1819.2142857142858
2014-03-06,2342.0,0,0,3,6,3,1,2014,0,2750.0,1649.0,1931.0,1923.0,1426.857142857143,1814.2857142857142
2014-03-07,2979.0,0,0,4,7,3,1,2014,0,2342.0,2002.0,1942.0,1985.0,1525.857142857143,1829.25
2014-03-08,2136.0,0,0,5,8,3,1,2014,1,2979.0,1845.0,2088.0,1913.0,1665.4285714285713,1864.75
2014-03-09,1129.0,0,0,6,9,3,1,2014,1,2136.0,444.0,784.0,838.0,1707.0,1872.7142857142858
2014-03-10,2265.0,0,0,0,10,3,1,2014,0,1129.0,558.0,2187.0,2165.0,1804.857142857143,1883.107142857143
2014-03-11,2125.0,0,0,1,11,3,1,2014,0,2265.0,740.0,2012.0,2240.0,2048.714285714286,1886.6785714285713
2014-03-12,2717.0,0,0,2,12,3,1,2014,0,2125.0,2750.0,2140.0,2656.0,2246.5714285714284,1882.5714285714287
2014-03-13,1864.0,0,0,3,13,3,1,2014,0,2717.0,2342.0,1649.0,1904.0,2241.8571428571427,1884.75
2014-03-14,1932.0,0,0,4,14,3,1,2014,0,1864.0,2979.0,2002.0,2107.0,2173.5714285714284,1883.3214285714287
2014-03-15,1928.0,0,0,5,15,3,1,2014,1,1932.0,2136.0,1845.0,2215.0,2024.0,1877.0714285714287
2014-03-16,1295.0,0,0,6,16,3,1,2014,1,1928.0,1129.0,444.0,1015.0,1994.2857142857142,1866.8214285714287
2014-03-17,2029.0,0,0,0,17,3,1,2014,0,1295.0,2265.0,558.0,2023.0,2018.0,1876.8214285714287
2014-03-18,2295.0,0,0,1,18,3,1,2014,0,2029.0,2125.0,740.0,2425.0,1984.2857142857142,1877.0357142857142
2014-03-19,2412.0,0,0,2,19,3,1,2014,0,2295.0,2717.0,2750.0,2319.0,2008.5714285714287,1872.392857142857
2014-03-20,1854.0,0,0,3,20,3,1,2014,0,2412.0,1864.0,2342.0,1931.0,1965.0,1875.7142857142858
2014-03-21,2218.0,0,0,4,21,3,1,2014,0,1854.0,1932.0,2979.0,1942.0,1963.5714285714287,1872.9642857142858
2014-03-22,2289.0,0,0,5,22,3,1,2014,1,2218.0,1928.0,2136.0,2088.0,2004.4285714285713,1882.8214285714287
2014-03-23,916.0,0,0,6,23,3,1,2014,1,2289.0,1295.0,1129.0,784.0,2056.0,1890.0
2014-03-24,1991.0,0,0,0,24,3,1,2014,0,916.0,2029.0,2265.0,2187.0,2001.857142857143,1894.7142857142858
2014-03-25,2085.0,0,0,1,25,3,1,2014,0,1991.0,2295.0,2125.0,2012.0,1996.4285714285713,1887.7142857142858
2014-03-26,2317.0,0,0,2,26,3,1,2014,0,2085.0,2412.0,2717.0,2140.0,1966.4285714285713,1890.3214285714287
2014-03-27,1772.0,0,0,3,27,3,1,2014,0,2317.0,1854.0,1864.0,1649.0,1952.857142857143,1896.642857142857
2014-03-28,2068.0,0,0,4,28,3,1,2014,0,1772.0,2218.0,1932.0,2002.0,1941.142857142857,1901.0357142857142
2014-03-29,2272.0,0,0,5,29,3,1,2014,1,2068.0,2289.0,1928.0,1845.0,1919.7142857142858,1903.392857142857
2014-03-30,978.0,0,0,6,30,3,1,2014,1,2272.0,916.0,1295.0,444.0,1917.2857142857142,1918.642857142857
2014-03-31,2272.0,0,0,0,31,3,1,2014,0,978.0,1991.0,2029.0,558.0,1926.142857142857,1937.7142857142858
2014-04-01,2471.0,0,0,1,1,4,2,2014,0,2272.0,2085.0,2295.0,740.0,1966.2857142857142,1998.9285714285713
2014-04-02,2685.0,0,0,2,2,4,2,2014,0,2471.0,2317.0,2412.0,2750.0,2021.4285714285713,2060.75
2014-04-03,1904.0,0,0,3,3,4,2,2014,0,2685.0,1772.0,1854.0,2342.0,2074.0,2058.4285714285716
2014-04-04,2855.0,0,0,4,4,4,2,2014,0,1904.0,2068.0,2218.0,2979.0,2092.8571428571427,2042.7857142857142
2014-04-05,2251.0,0,0,5,5,4,2,2014,1,2855.0,2272.0,2289.0,2136.0,2205.285714285714,2038.357142857143
2014-04-06,1125.0,0,0,6,6,4,2,2014,1,2251.0,978.0,916.0,1129.0,2202.285714285714,2042.4642857142858
2014-04-07,2336.0,0,0,0,7,4,2,2014,0,1125.0,2272.0,1991.0,2265.0,2223.285714285714,2042.3214285714287
2014-04-08,1791.0,0,0,1,8,4,2,2014,0,2336.0,2471.0,2085.0,2125.0,2232.4285714285716,2044.857142857143
2014-04-09,2449.0,0,0,2,9,4,2,2014,0,1791.0,2685.0,2317.0,2717.0,2135.285714285714,2032.9285714285713
2014-04-10,1960.0,0,0,3,10,4,2,2014,0,2449.0,1904.0,1772.0,1864.0,2101.5714285714284,2023.357142857143
2014-04-11,1777.0,0,0,4,11,4,2,2014,0,1960.0,2855.0,2068.0,1932.0,2109.5714285714284,2026.7857142857142
2014-04-12,2032.0,0,0,5,12,4,2,2014,1,1777.0,2251.0,2272.0,1928.0,1955.5714285714287,2021.25
2014-04-13,858.0,0,0,6,13,4,2,2014,1,2032.0,1125.0,978.0,1295.0,1924.2857142857142,2024.9642857142858
2014-04-14,2009.0,0,0,0,14,4,2,2014,0,858.0,2336.0,2272.0,2029.0,1886.142857142857,2009.357142857143
2014-04-15,2178.0,0,0,1,15,4,2,2014,0,2009.0,1791.0,2471.0,2295.0,1839.4285714285713,2008.642857142857
2014-04-16,2619.0,0,0,2,16,4,2,2014,0,2178.0,2449.0,2685.0,2412.0,1894.7142857142858,2004.4642857142858
2014-04-17,1853.0,0,0,3,17,4,2,2014,0,2619.0,1960.0,1904.0,1854.0,1919.0,2011.857142857143
2014-04-18,831.0,0,0,4,18,4,2,2014,0,1853.0,1777.0,2855.0,2218.0,1903.7142857142858,2011.8214285714287
2014-04-19,1399.0,0,0,5,19,4,2,2014,1,831.0,2032.0,2251.0,2289.0,1768.5714285714287,1962.2857142857142
2014-04-20,973.0,0,0,6,20,4,2,2014,1,1399.0,858.0,1125.0,916.0,1678.142857142857,1930.5
2014-04-21,2057.0,0,0,0,21,4,2,2014,0,973.0,2009.0,2336.0,1991.0,1694.5714285714287,1932.5357142857142
2014-04-22,1848.0,0,0,1,22,4,2,2014,0,2057.0,2178.0,1791.0,2085.0,1701.4285714285713,1934.892857142857
2014-04-23,3733.0,0,0,2,23,4,2,2014,0,1848.0,2619.0,2449.0,2317.0,1654.2857142857142,1926.4285714285713
2014-04-24,2031.0,0,0,3,24,4,2,2014,0,3733.0,1853.0,1960.0,1772.0,1813.4285714285713,1977.0
2014-04-25,1967.0,0,0,4,25,4,2,2014,0,2031.0,831.0,1777.0,2068.0,1838.857142857143,1986.25
2014-04-26,2196.0,0,0,5,26,4,2,2014,1,1967.0,1399.0,2032.0,2272.0,2001.142857142857,1982.642857142857
2014-04-27,815.0,0,0,6,27,4,2,2014,1,2196.0,973.0,858.0,978.0,2115.0,1979.9285714285713
2014-04-28,2081.0,0,0,0,28,4,2,2014,0,815.0,2057.0,2009.0,2272.0,2092.4285714285716,1974.107142857143
2014-04-29,1960.0,0,0,1,29,4,2,2014,0,2081.0,1848.0,2178.0,2471.0,2095.8571428571427,1967.2857142857142
2014-04-30,2515.0,0,0,2,30,4,2,2014,0,1960.0,3733.0,2619.0,2685.0,2111.8571428571427,1949.0357142857142
2014-05-01,831.0,0,0,3,1,5,2,2014,0,2515.0,2031.0,1853.0,1904.0,1937.857142857143,1942.9642857142858
2014-05-02,2343.0,0,0,4,2,5,2,2014,0,831.0,1967.0,831.0,2855.0,1766.4285714285713,1904.642857142857
2014-05-03,2544.0,0,0,5,3,5,2,2014,1,2343.0,2196.0,1399.0,2251.0,1820.142857142857,1886.357142857143
2014-05-04,915.0,0,0,6,4,5,2,2014,1,2544.0,815.0,973.0,1125.0,1869.857142857143,1896.8214285714287
2014-05-05,1634.0,0,0,0,5,5,2,2014,0,915.0,2081.0,2057.0,2336.0,1884.142857142857,1889.3214285714287
2014-05-06,3046.0,0,0,1,6,5,2,2014,0,1634.0,1960.0,1848.0,1791.0,1820.2857142857142,1864.25
2014-05-07,2553.0,0,0,2,7,5,2,2014,0,3046.0,2515.0,3733.0,2449.0,1975.4285714285713,1909.0714285714287
2014-05-08,1926.0,0,0,3,8,5,2,2014,0,2553.0,831.0,2031.0,1960.0,1980.857142857143,1912.7857142857142
2014-05-09,2282.0,0,0,4,9,5,2,2014,0,1926.0,2343.0,1967.0,1777.0,2137.285714285714,1911.5714285714287
2014-05-10,2440.0,0,0,5,10,5,2,2014,1,2282.0,2544.0,2196.0,2032.0,2128.5714285714284,1929.607142857143
2014-05-11,904.0,0,0,6,11,5,2,2014,1,2440.0,915.0,815.0,858.0,2113.714285714286,1944.1785714285713
2014-05-12,2185.0,0,0,0,12,5,2,2014,0,904.0,1634.0,2081.0,2009.0,2112.1428571428573,1945.8214285714287
2014-05-13,2449.0,0,0,1,13,5,2,2014,0,2185.0,3046.0,1960.0,2178.0,2190.8571428571427,1952.107142857143
2014-05-14,2316.0,0,0,2,14,5,2,2014,0,2449.0,2553.0,2515.0,2619.0,2105.5714285714284,1961.7857142857142
2014-05-15,1939.0,0,0,3,15,5,2,2014,0,2316.0,1926.0,831.0,1853.0,2071.714285714286,1950.9642857142858
2014-05-16,2182.0,0,0,4,16,5,2,2014,0,1939.0,2282.0,2343.0,831.0,2073.5714285714284,1954.0357142857142
2014-05-17,2098.0,0,0,5,17,5,2,2014,1,2182.0,2440.0,2544.0,1399.0,2059.285714285714,2002.2857142857142
2014-05-18,965.0,0,0,6,18,5,2,2014,1,2098.0,904.0,915.0,973.0,2010.4285714285713,2027.25
2014-05-19,2328.0,0,0,0,19,5,2,2014,0,965.0,2185.0,1634.0,2057.0,2019.142857142857,2026.9642857142858
2014-05-20,2376.0,0,0,1,20,5,2,2014,0,2328.0,2449.0,3046.0,1848.0,2039.5714285714287,2036.642857142857
2014-05-21,2367.0,0,0,2,21,5,2,2014,0,2376.0,2316.0,2553.0,3733.0,2029.142857142857,2055.5
2014-05-22,2005.0,0,0,3,22,5,2,2014,0,2367.0,1939.0,1926.0,2031.0,2036.4285714285713,2006.7142857142858
2014-05-23,1858.0,0,0,4,23,5,2,2014,0,2005.0,2182.0,2282.0,1967.0,2045.857142857143,2005.7857142857142
2014-05-24,1982.0,0,0,5,24,5,2,2014,1,1858.0,2098.0,2440.0,2196.0,1999.5714285714287,2001.892857142857
2014-05-25,765.0,0,0,6,25,5,2,2014,1,1982.0,965.0,904.0,815.0,1983.0,1994.25
2014-05-26,2052.0,0,0,0,26,5,2,2014,0,765.0,2328.0,2185.0,2081.0,1954.4285714285713,1992.4642857142858
2014-05-27,1715.0,0,0,1,27,5,2,2014,0,2052.0,2376.0,2449.0,1960.0,1915.0,1991.4285714285713
2014-05-28,2506.0,0,0,2,28,5,2,2014,0,1715.0,2367.0,2316.0,2515.0,1820.5714285714287,1982.6785714285713
2014-05-29,1896.0,0,0,3,29,5,2,2014,0,2506.0,2005.0,1939.0,831.0,1840.4285714285713,1982.357142857143
2014-05-30,3068.0,0,0,4,30,5,2,2014,0,1896.0,1858.0,2182.0,2343.0,1824.857142857143,2020.392857142857
2014-05-31,2030.0,0,0,5,31,5,2,2014,1,3068.0,1982.0,2098.0,2544.0,1997.7142857142858,2046.2857142857142
2014-06-01,1033.0,0,0,6,1,6,2,2014,1,2030.0,765.0,965.0,915.0,2004.5714285714287,2027.9285714285713
2014-06-02,2584.0,0,0,0,2,6,2,2014,0,1033.0,2052.0,2328.0,1634.0,2042.857142857143,2032.142857142857
2014-06-03,2323.0,0,0,1,3,6,2,2014,0,2584.0,1715.0,2376.0,3046.0,2118.8571428571427,2066.0714285714284
2014-06-04,2562.0,0,0,2,4,6,2,2014,0,2323.0,2506.0,2367.0,2553.0,2205.714285714286,2040.25
2014-06-05,2259.0,0,0,3,5,6,2,2014,0,2562.0,1896.0,2005.0,1926.0,2213.714285714286,2040.5714285714287
2014-06-06,2478.0,0,0,4,6,6,2,2014,0,2259.0,3068.0,1858.0,2282.0,2265.5714285714284,2052.464285714286
2014-06-07,2055.0,0,0,5,7,6,2,2014,1,2478.0,2030.0,1982.0,2440.0,2181.285714285714,2059.464285714286
2014-06-08,851.0,0,0,6,8,6,2,2014,1,2055.0,1033.0,765.0,904.0,2184.8571428571427,2045.7142857142858
2014-06-09,2193.0,0,0,0,9,6,2,2014,0,851.0,2584.0,2052.0,2185.0,2158.8571428571427,2043.8214285714287
2014-06-10,2186.0,0,0,1,10,6,2,2014,0,2193.0,2323.0,1715.0,2449.0,2103.0,2044.107142857143
2014-06-11,2434.0,0,0,2,11,6,2,2014,0,2186.0,2562.0,2506.0,2316.0,2083.4285714285716,2034.7142857142858
2014-06-12,1749.0,0,0,3,12,6,2,2014,0,2434.0,2259.0,1896.0,1939.0,2065.1428571428573,2038.9285714285713
2014-06-13,2075.0,0,0,4,13,6,2,2014,0,1749.0,2478.0,3068.0,2182.0,1992.2857142857142,2032.142857142857
2014-06-14,2394.0,0,0,5,14,6,2,2014,1,2075.0,2055.0,2030.0,2098.0,1934.7142857142858,2028.3214285714287
2014-06-15,556.0,0,0,6,15,6,2,2014,1,2394.0,851.0,1033.0,965.0,1983.142857142857,2038.892857142857
2014-06-16,2261.0,0,0,0,16,6,2,2014,0,556.0,2193.0,2584.0,2328.0,1941.0,2024.2857142857142
2014-06-17,1858.0,0,0,1,17,6,2,2014,0,2261.0,2186.0,2323.0,2376.0,1950.7142857142858,2021.892857142857
2014-06-18,2236.0,0,0,2,18,6,2,2014,0,1858.0,2434.0,2562.0,2367.0,1903.857142857143,2003.392857142857
2014-06-19,1880.0,0,0,3,19,6,2,2014,0,2236.0,1749.0,2259.0,2005.0,1875.5714285714287,1998.7142857142858
2014-06-20,2283.0,0,0,4,20,6,2,2014,0,1880.0,2075.0,2478.0,1858.0,1894.2857142857142,1994.25
2014-06-21,2158.0,0,0,5,21,6,2,2014,1,2283.0,2394.0,2055.0,1982.0,1924.0,2009.4285714285713
2014-06-22,870.0,0,0,6,22,6,2,2014,1,2158.0,556.0,851.0,765.0,1890.2857142857142,2015.7142857142858
2014-06-23,2249.0,0,0,0,23,6,2,2014,0,870.0,2261.0,2193.0,2052.0,1935.142857142857,2019.4642857142858
2014-06-24,2014.0,0,0,1,24,6,2,2014,0,2249.0,1858.0,2186.0,1715.0,1933.4285714285713,2026.5
2014-06-25,2336.0,0,0,2,25,6,2,2014,0,2014.0,2236.0,2434.0,2506.0,1955.7142857142858,2037.1785714285713
2014-06-26,1902.0,0,0,3,26,6,2,2014,0,2336.0,1880.0,1749.0,1896.0,1970.0,2031.107142857143
2014-06-27,2897.0,0,0,4,27,6,2,2014,0,1902.0,2283.0,2075.0,3068.0,1973.142857142857,2031.3214285714287
2014-06-28,2155.0,0,0,5,28,6,2,2014,1,2897.0,2158.0,2394.0,2030.0,2060.8571428571427,2025.2142857142858
2014-06-29,816.0,0,0,6,29,6,2,2014,1,2155.0,870.0,556.0,1033.0,2060.4285714285716,2029.6785714285713
2014-06-30,2191.0,0,0,0,30,6,2,2014,0,816.0,2249.0,2261.0,2584.0,2052.714285714286,2021.9285714285713
2014-07-01,2327.0,2,0,1,1,7,3,2014,0,2191.0,2014.0,1858.0,2323.0,2044.4285714285713,2007.892857142857
2014-07-02,3392.0,2,0,2,2,7,3,2014,0,2327.0,2336.0,2236.0,2562.0,2089.1428571428573,2008.0357142857142
2014-07-03,2165.0,3,0,3,3,7,3,2014,0,3392.0,1902.0,1880.0,2259.0,2240.0,2037.6785714285713
2014-07-04,2640.0,2,0,4,4,7,3,2014,0,2165.0,2897.0,2283.0,2478.0,2277.5714285714284,2034.3214285714287
2014-07-05,1779.0,2,0,5,5,7,3,2014,1,2640.0,2155.0,2158.0,2055.0,2240.8571428571427,2040.107142857143
2014-07-06,991.0,1,0,6,6,7,3,2014,1,1779.0,816.0,870.0,851.0,2187.1428571428573,2030.25
2014-07-07,2383.0,2,0,0,7,7,3,2014,0,991.0,2191.0,2249.0,2193.0,2212.1428571428573,2035.25
2014-07-08,2126.0,2,0,1,8,7,3,2014,0,2383.0,2327.0,2014.0,2186.0,2239.5714285714284,2042.0357142857142
2014-07-09,2467.0,4,0,2,9,7,3,2014,0,2126.0,3392.0,2336.0,2434.0,2210.8571428571427,2039.892857142857
2014-07-10,2098.0,2,0,3,10,7,3,2014,0,2467.0,2165.0,1902.0,1749.0,2078.714285714286,2041.0714285714287
2014-07-11,2191.0,2,0,4,11,7,3,2014,0,2098.0,2640.0,2897.0,2075.0,2069.1428571428573,2053.535714285714
2014-07-12,2011.0,4,0,5,12,7,3,2014,1,2191.0,1779.0,2155.0,2394.0,2005.0,2057.6785714285716
2014-07-13,932.0,1,0,6,13,7,3,2014,1,2011.0,991.0,816.0,556.0,2038.142857142857,2044.0
2014-07-14,2252.0,3,0,0,14,7,3,2014,0,932.0,2383.0,2191.0,2261.0,2029.7142857142858,2057.4285714285716
2014-07-15,1976.0,3,0,1,15,7,3,2014,0,2252.0,2126.0,2327.0,1858.0,2011.0,2057.1071428571427
2014-07-16,2470.0,2,0,2,16,7,3,2014,0,1976.0,2467.0,3392.0,2236.0,1989.5714285714287,2061.3214285714284
2014-07-17,1893.0,2,0,3,17,7,3,2014,0,2470.0,2098.0,2165.0,1880.0,1990.0,2069.6785714285716
2014-07-18,2251.0,3,0,4,18,7,3,2014,0,1893.0,2191.0,2640.0,2283.0,1960.7142857142858,2070.1428571428573
2014-07-19,2128.0,4,0,5,19,7,3,2014,1,2251.0,2011.0,1779.0,2158.0,1969.2857142857142,2069.0
2014-07-20,865.0,3,0,6,20,7,3,2014,1,2128.0,932.0,991.0,870.0,1986.0,2067.9285714285716
2014-07-21,2139.0,1,0,0,21,7,3,2014,0,865.0,2252.0,2383.0,2249.0,1976.4285714285713,2067.75
2014-07-22,2342.0,2,0,1,22,7,3,2014,0,2139.0,1976.0,2126.0,2014.0,1960.2857142857142,2063.8214285714284
2014-07-23,2179.0,3,0,2,23,7,3,2014,0,2342.0,2470.0,2467.0,2336.0,2012.5714285714287,2075.535714285714
2014-07-24,1746.0,5,0,3,24,7,3,2014,0,2179.0,1893.0,2098.0,1902.0,1971.0,2069.9285714285716
2014-07-25,1779.0,2,0,4,25,7,3,2014,0,1746.0,2251.0,2191.0,2897.0,1950.0,2064.3571428571427
2014-07-26,1821.0,5,0,5,26,7,3,2014,1,1779.0,2128.0,2011.0,2155.0,1882.5714285714287,2024.4285714285713
2014-07-27,817.0,1,0,6,27,7,3,2014,1,1821.0,865.0,932.0,816.0,1838.7142857142858,2012.5
2014-07-28,2076.0,4,0,0,28,7,3,2014,0,817.0,2139.0,2252.0,2191.0,1831.857142857143,2012.5357142857142
2014-07-29,2031.0,3,0,1,29,7,3,2014,0,2076.0,2342.0,1976.0,2327.0,1822.857142857143,2008.4285714285713
2014-07-30,2090.0,5,0,2,30,7,3,2014,0,2031.0,2179.0,2470.0,3392.0,1778.4285714285713,1997.857142857143
2014-07-31,2091.0,7,0,3,31,7,3,2014,0,2090.0,1746.0,1893.0,2165.0,1765.7142857142858,1951.357142857143
2014-08-01,2387.0,5,0,4,1,8,3,2014,0,2091.0,1779.0,2251.0,2640.0,1815.0,1948.7142857142858
2014-08-02,1920.0,5,0,5,2,8,3,2014,1,2387.0,1821.0,2128.0,1779.0,1901.857142857143,1939.6785714285713
2014-08-03,884.0,2,0,6,3,8,3,2014,1,1920.0,817.0,865.0,991.0,1916.0,1944.7142857142858
2014-08-04,2329.0,3,0,0,4,8,3,2014,0,884.0,2076.0,2139.0,2383.0,1925.5714285714287,1940.892857142857
2014-08-05,2179.0,3,0,1,5,8,3,2014,0,2329.0,2031.0,2342.0,2126.0,1961.7142857142858,1938.9642857142858
2014-08-06,2257.0,8,0,2,6,8,3,2014,0,2179.0,2090.0,2179.0,2467.0,1982.857142857143,1940.857142857143
2014-08-07,1725.0,3,0,3,7,8,3,2014,0,2257.0,2091.0,1746.0,2098.0,2006.7142857142858,1933.357142857143
2014-08-08,2189.0,3,0,4,8,8,3,2014,0,1725.0,2387.0,1779.0,2191.0,1954.4285714285713,1920.0357142857142
2014-08-09,1752.0,8,0,5,9,8,3,2014,1,2189.0,1920.0,1821.0,2011.0,1926.142857142857,1919.9642857142858
2014-08-10,823.0,6,0,6,10,8,3,2014,1,1752.0,884.0,817.0,932.0,1902.142857142857,1910.7142857142858
2014-08-11,2096.0,6,0,0,11,8,3,2014,0,823.0,2329.0,2076.0,2252.0,1893.4285714285713,1906.8214285714287
2014-08-12,1817.0,3,0,1,12,8,3,2014,0,2096.0,2179.0,2031.0,1976.0,1860.142857142857,1901.25
2014-08-13,2451.0,5,0,2,13,8,3,2014,0,1817.0,2257.0,2090.0,2470.0,1808.4285714285713,1895.5714285714287
2014-08-14,2065.0,6,0,3,14,8,3,2014,0,2451.0,1725.0,2091.0,1893.0,1836.142857142857,1894.892857142857
2014-08-15,2079.0,4,0,4,15,8,3,2014,0,2065.0,2189.0,2387.0,2251.0,1884.7142857142858,1901.0357142857142
2014-08-16,2009.0,3,0,5,16,8,3,2014,1,2079.0,1752.0,1920.0,2128.0,1869.0,1894.892857142857
2014-08-17,907.0,6,0,6,17,8,3,2014,1,2009.0,823.0,884.0,865.0,1905.7142857142858,1890.642857142857
2014-08-18,2046.0,5,0,0,18,8,3,2014,0,907.0,2096.0,2329.0,2139.0,1917.7142857142858,1892.142857142857
2014-08-19,1874.0,4,0,1,19,8,3,2014,0,2046.0,1817.0,2179.0,2342.0,1910.5714285714287,1888.8214285714287
2014-08-20,2345.0,6,0,2,20,8,3,2014,0,1874.0,2451.0,2257.0,2179.0,1918.7142857142858,1872.107142857143
2014-08-21,2007.0,5,0,3,21,8,3,2014,0,2345.0,2065.0,1725.0,1746.0,1903.5714285714287,1878.0357142857142
2014-08-22,2125.0,2,0,4,22,8,3,2014,0,2007.0,2079.0,2189.0,1779.0,1895.2857142857142,1887.357142857143
2014-08-23,1996.0,4,0,5,23,8,3,2014,1,2125.0,2009.0,1752.0,1821.0,1901.857142857143,1899.7142857142858
2014-08-24,818.0,3,0,6,24,8,3,2014,1,1996.0,907.0,823.0,817.0,1900.0,1905.9642857142858
2014-08-25,2002.0,6,0,0,25,8,3,2014,0,818.0,2046.0,2096.0,2076.0,1887.2857142857142,1906.0
2014-08-26,1958.0,6,0,1,26,8,3,2014,0,2002.0,1874.0,1817.0,2031.0,1881.0,1903.357142857143
2014-08-27,2355.0,8,0,2,27,8,3,2014,0,1958.0,2345.0,2451.0,2090.0,1893.0,1900.75
2014-08-28,1588.0,3,0,3,28,8,3,2014,0,2355.0,2007.0,2065.0,2091.0,1894.4285714285713,1910.2142857142858
2014-08-29,2274.0,3,0,4,29,8,3,2014,0,1588.0,2125.0,2079.0,2387.0,1834.5714285714287,1892.25
2014-08-30,2200.0,1,0,5,30,8,3,2014,1,2274.0,1996.0,2009.0,1920.0,1855.857142857143,1888.2142857142858
2014-08-31,1085.0,1,0,6,31,8,3,2014,1,2200.0,818.0,907.0,884.0,1885.0,1898.2142857142858
2014-09-01,2401.0,2,0,0,1,9,3,2014,0,1085.0,2002.0,2046.0,2329.0,1923.142857142857,1905.392857142857
2014-09-02,2456.0,3,0,1,2,9,3,2014,0,2401.0,1958.0,1874.0,2179.0,1980.142857142857,1907.9642857142858
2014-09-03,2507.0,3,0,2,3,9,3,2014,0,2456.0,2355.0,2345.0,2257.0,2051.285714285714,1917.857142857143
2014-09-04,2020.0,3,0,3,4,9,3,2014,0,2507.0,1588.0,2007.0,1725.0,2073.0,1926.7857142857142
2014-09-05,2360.0,6,0,4,5,9,3,2014,0,2020.0,2274.0,2125.0,2189.0,2134.714285714286,1937.3214285714287
2014-09-06,2145.0,4,0,5,6,9,3,2014,1,2360.0,2200.0,1996.0,1752.0,2147.0,1943.4285714285713
2014-09-07,1079.0,2,0,6,7,9,3,2014,1,2145.0,1085.0,818.0,823.0,2139.1428571428573,1957.4642857142858
2014-09-08,2430.0,1,0,0,8,9,3,2014,0,1079.0,2401.0,2002.0,2096.0,2138.285714285714,1966.607142857143
2014-09-09,2562.0,5,0,1,9,9,3,2014,0,2430.0,2456.0,1958.0,1817.0,2142.4285714285716,1978.5357142857142
2014-09-10,2398.0,2,0,2,10,9,3,2014,0,2562.0,2507.0,2355.0,2451.0,2157.5714285714284,2005.142857142857
2014-09-11,2333.0,4,0,3,11,9,3,2014,0,2398.0,2020.0,1588.0,2065.0,2142.0,2003.25
2014-09-12,2102.0,3,0,4,12,9,3,2014,0,2333.0,2360.0,2274.0,2079.0,2186.714285714286,2012.8214285714287
2014-09-13,2042.0,3,0,5,13,9,3,2014,1,2102.0,2145.0,2200.0,2009.0,2149.8571428571427,2013.642857142857
2014-09-14,1079.0,0,0,6,14,9,3,2014,1,2042.0,1079.0,1085.0,907.0,2135.1428571428573,2014.8214285714287
2014-09-15,1962.0,3,0,0,15,9,3,2014,0,1079.0,2430.0,2401.0,2046.0,2135.1428571428573,2020.9642857142858
2014-09-16,2445.0,4,0,1,16,9,3,2014,0,1962.0,2562.0,2456.0,1874.0,2068.285714285714,2017.9642857142858
2014-09-17,2302.0,4,0,2,17,9,3,2014,0,2445.0,2398.0,2507.0,2345.0,2051.5714285714284,2038.357142857143
2014-09-18,1979.0,2,0,3,18,9,3,2014,0,2302.0,2333.0,2020.0,2007.0,2037.857142857143,2036.8214285714287
2014-09-19,1994.0,2,0,4,19,9,3,2014,0,1979.0,2102.0,2360.0,2125.0,1987.2857142857142,2035.8214285714287
2014-09-20,2208.0,4,0,5,20,9,3,2014,1,1994.0,2042.0,2145.0,1996.0,1971.857142857143,2031.142857142857
2014-09-21,1104.0,0,0,6,21,9,3,2014,1,2208.0,1079.0,1079.0,818.0,1995.5714285714287,2038.7142857142858
2014-09-22,2048.0,4,0,0,22,9,3,2014,0,1104.0,1962.0,2430.0,2002.0,1999.142857142857,2048.9285714285716
2014-09-23,1958.0,3,0,1,23,9,3,2014,0,2048.0,2445.0,2562.0,1958.0,2011.4285714285713,2050.5714285714284
2014-09-24,2698.0,4,0,2,24,9,3,2014,0,1958.0,2302.0,2398.0,2355.0,1941.857142857143,2050.5714285714284
2014-09-25,2062.0,1,0,3,25,9,3,2014,0,2698.0,1979.0,2333.0,1588.0,1998.4285714285713,2062.8214285714284
2014-09-26,2095.0,0,0,4,26,9,3,2014,0,2062.0,1994.0,2102.0,2274.0,2010.2857142857142,2079.75
2014-09-27,2272.0,0,0,5,27,9,3,2014,1,2095.0,2208.0,2042.0,2200.0,2024.7142857142858,2073.3571428571427
2014-09-28,980.0,0,0,6,28,9,3,2014,1,2272.0,1104.0,1079.0,1085.0,2033.857142857143,2075.9285714285716
2014-09-29,2095.0,2,0,0,29,9,3,2014,0,980.0,2048.0,1962.0,2401.0,2016.142857142857,2072.1785714285716
2014-09-30,2063.0,1,0,1,30,9,3,2014,0,2095.0,1958.0,2445.0,2456.0,2022.857142857143,2061.25
2014-10-01,2769.0,3,0,2,1,10,4,2014,0,2063.0,2698.0,2302.0,2507.0,2037.857142857143,2047.2142857142858
2014-10-02,2408.0,0,0,3,2,10,4,2014,0,2769.0,2062.0,1979.0,2020.0,2048.0,2056.5714285714284
2014-10-03,3414.0,3,0,4,3,10,4,2014,0,2408.0,2095.0,1994.0,2360.0,2097.4285714285716,2070.4285714285716
2014-10-04,2419.0,3,0,5,4,10,4,2014,1,3414.0,2272.0,2208.0,2145.0,2285.8571428571427,2108.0714285714284
2014-10-05,1070.0,2,0,6,5,10,4,2014,1,2419.0,980.0,1104.0,1079.0,2306.8571428571427,2117.8571428571427
2014-10-06,2198.0,6,0,0,6,10,4,2014,0,1070.0,2095.0,2048.0,2430.0,2319.714285714286,2117.535714285714
2014-10-07,2050.0,5,0,1,7,10,4,2014,0,2198.0,2063.0,1958.0,2562.0,2334.4285714285716,2109.25
2014-10-08,2601.0,2,0,2,8,10,4,2014,0,2050.0,2769.0,2698.0,2398.0,2332.5714285714284,2090.964285714286
2014-10-09,1973.0,2,0,3,9,10,4,2014,0,2601.0,2408.0,2062.0,2333.0,2308.5714285714284,2098.214285714286
2014-10-10,1031.0,2,0,4,10,10,4,2014,0,1973.0,3414.0,2095.0,2102.0,2246.4285714285716,2085.3571428571427
2014-10-11,1935.0,3,0,5,11,10,4,2014,1,1031.0,2419.0,2272.0,2042.0,1906.0,2047.107142857143
2014-10-12,756.0,0,0,6,12,10,4,2014,1,1935.0,1070.0,980.0,1079.0,1836.857142857143,2043.2857142857142
2014-10-13,2180.0,0,0,0,13,10,4,2014,0,756.0,2198.0,2095.0,1962.0,1792.0,2031.75
2014-10-14,2403.0,3,0,1,14,10,4,2014,0,2180.0,2050.0,2063.0,2445.0,1789.4285714285713,2039.5357142857142
2014-10-15,2386.0,0,0,2,15,10,4,2014,0,2403.0,2601.0,2769.0,2302.0,1839.857142857143,2038.0357142857142
2014-10-16,2124.0,3,0,3,16,10,4,2014,0,2386.0,1973.0,2408.0,1979.0,1809.142857142857,2041.0357142857142
2014-10-17,2182.0,1,0,4,17,10,4,2014,0,2124.0,1031.0,3414.0,1994.0,1830.7142857142858,2046.2142857142858
2014-10-18,2385.0,0,0,5,18,10,4,2014,1,2182.0,1935.0,2419.0,2208.0,1995.142857142857,2052.9285714285716
2014-10-19,1173.0,0,0,6,19,10,4,2014,1,2385.0,756.0,1070.0,1104.0,2059.4285714285716,2059.25
2014-10-20,2107.0,1,0,0,20,10,4,2014,0,1173.0,2180.0,2198.0,2048.0,2119.0,2061.714285714286
2014-10-21,2051.0,4,0,1,21,10,4,2014,0,2107.0,2403.0,2050.0,1958.0,2108.5714285714284,2063.8214285714284
2014-10-22,2600.0,3,0,2,22,10,4,2014,0,2051.0,2386.0,2601.0,2698.0,2058.285714285714,2067.1428571428573
2014-10-23,1880.0,2,0,3,23,10,4,2014,0,2600.0,2124.0,1973.0,2062.0,2088.8571428571427,2063.6428571428573
2014-10-24,2181.0,4,0,4,24,10,4,2014,0,1880.0,2182.0,1031.0,2095.0,2054.0,2057.1428571428573
2014-10-25,2226.0,3,0,5,25,10,4,2014,1,2181.0,2385.0,1935.0,2272.0,2053.8571428571427,2060.214285714286
2014-10-26,1174.0,1,0,6,26,10,4,2014,1,2226.0,1173.0,756.0,980.0,2031.142857142857,2058.5714285714284
2014-10-27,2086.0,4,0,0,27,10,4,2014,0,1174.0,2107.0,2180.0,2095.0,2031.2857142857142,2065.5
2014-10-28,1768.0,3,0,1,28,10,4,2014,0,2086.0,2051.0,2403.0,2063.0,2028.2857142857142,2065.1785714285716
2014-10-29,2428.0,6,0,2,29,10,4,2014,0,1768.0,2600.0,2386.0,2769.0,1987.857142857143,2054.6428571428573
2014-10-30,2227.0,2,0,3,30,10,4,2014,0,2428.0,1880.0,2124.0,2408.0,1963.2857142857142,2042.4642857142858
2014-10-31,3094.0,4,0,4,31,10,4,2014,0,2227.0,2181.0,2182.0,3414.0,2012.857142857143,2036.0
2014-11-01,1856.0,2,0,5,1,11,4,2014,1,3094.0,2226.0,2385.0,2419.0,2143.285714285714,2024.5714285714287
2014-11-02,715.0,4,0,6,2,11,4,2014,1,1856.0,1174.0,1173.0,1070.0,2090.4285714285716,2004.4642857142858
2014-11-03,983.0,1,0,0,3,11,4,2014,0,715.0,2086.0,2107.0,2198.0,2024.857142857143,1991.7857142857142
2014-11-04,2467.0,6,0,1,4,11,4,2014,0,983.0,1768.0,2051.0,2050.0,1867.2857142857142,1948.392857142857
2014-11-05,3236.0,5,0,2,5,11,4,2014,0,2467.0,2428.0,2600.0,2601.0,1967.142857142857,1963.2857142857142
2014-11-06,2264.0,2,0,3,6,11,4,2014,0,3236.0,2227.0,1880.0,1973.0,2082.5714285714284,1985.9642857142858
2014-11-07,2405.0,4,0,4,7,11,4,2014,0,2264.0,3094.0,2181.0,1031.0,2087.8571428571427,1996.357142857143
2014-11-08,2274.0,2,0,5,8,11,4,2014,1,2405.0,1856.0,2226.0,1935.0,1989.4285714285713,2045.4285714285713
2014-11-09,925.0,3,0,6,9,11,4,2014,1,2274.0,715.0,1174.0,756.0,2049.1428571428573,2057.535714285714
2014-11-10,2003.0,5,0,0,10,11,4,2014,0,925.0,983.0,2086.0,2180.0,2079.1428571428573,2063.5714285714284
2014-11-11,2410.0,5,0,1,11,11,4,2014,0,2003.0,2467.0,1768.0,2403.0,2224.8571428571427,2057.25
2014-11-12,2452.0,8,0,2,12,11,4,2014,0,2410.0,3236.0,2428.0,2386.0,2216.714285714286,2057.5
2014-11-13,2112.0,3,0,3,13,11,4,2014,0,2452.0,2264.0,2227.0,2124.0,2104.714285714286,2059.8571428571427
2014-11-14,2109.0,8,0,4,14,11,4,2014,0,2112.0,2405.0,3094.0,2182.0,2083.0,2059.4285714285716
2014-11-15,2256.0,6,0,5,15,11,4,2014,1,2109.0,2274.0,1856.0,2385.0,2040.7142857142858,2056.8214285714284
2014-11-16,1326.0,10,0,6,16,11,4,2014,1,2256.0,925.0,715.0,1173.0,2038.142857142857,2052.214285714286
2014-11-17,2171.0,6,0,0,17,11,4,2014,0,1326.0,2003.0,983.0,2107.0,2095.4285714285716,2057.6785714285716
2014-11-18,2987.0,3,0,1,18,11,4,2014,0,2171.0,2410.0,2467.0,2051.0,2119.4285714285716,2059.964285714286
2014-11-19,2744.0,6,0,2,19,11,4,2014,0,2987.0,2452.0,3236.0,2600.0,2201.8571428571427,2093.3928571428573
2014-11-20,2112.0,9,0,3,20,11,4,2014,0,2744.0,2112.0,2264.0,1880.0,2243.5714285714284,2098.535714285714
2014-11-21,2192.0,9,0,4,21,11,4,2014,0,2112.0,2109.0,2405.0,2181.0,2243.5714285714284,2106.8214285714284
2014-11-22,2287.0,4,0,5,22,11,4,2014,1,2192.0,2256.0,2274.0,2226.0,2255.4285714285716,2107.214285714286
2014-11-23,1088.0,5,0,6,23,11,4,2014,1,2287.0,1326.0,925.0,1174.0,2259.8571428571427,2109.3928571428573
2014-11-24,2189.0,5,0,0,24,11,4,2014,0,1088.0,2171.0,2003.0,2086.0,2225.8571428571427,2106.3214285714284
2014-11-25,2042.0,10,0,1,25,11,4,2014,0,2189.0,2987.0,2410.0,1768.0,2228.4285714285716,2110.0
2014-11-26,2674.0,8,0,2,26,11,4,2014,0,2042.0,2744.0,2452.0,2428.0,2093.4285714285716,2119.785714285714
2014-11-27,1882.0,5,0,3,27,11,4,2014,0,2674.0,2112.0,2112.0,2227.0,2083.4285714285716,2128.5714285714284
2014-11-28,2212.0,7,0,4,28,11,4,2014,0,1882.0,2192.0,2109.0,3094.0,2050.5714285714284,2116.25
2014-11-29,2233.0,3,0,5,29,11,4,2014,1,2212.0,2287.0,2256.0,1856.0,2053.4285714285716,2084.75
2014-11-30,1095.0,2,0,6,30,11,4,2014,1,2233.0,1088.0,1326.0,715.0,2045.7142857142858,2098.214285714286
2014-12-01,2683.0,7,0,0,1,12,4,2014,0,1095.0,2189.0,2171.0,983.0,2046.7142857142858,2111.785714285714
2014-12-02,2392.0,10,0,1,2,12,4,2014,0,2683.0,2042.0,2987.0,2467.0,2117.285714285714,2172.5
2014-12-03,2955.0,9,0,2,3,12,4,2014,0,2392.0,2674.0,2744.0,3236.0,2167.285714285714,2169.8214285714284
2014-12-04,2845.0,4,0,3,4,12,4,2014,0,2955.0,1882.0,2112.0,2264.0,2207.4285714285716,2159.785714285714
2014-12-05,2228.0,7,0,4,5,12,4,2014,0,2845.0,2212.0,2192.0,2405.0,2345.0,2180.535714285714
2014-12-06,1936.0,7,0,5,6,12,4,2014,1,2228.0,2233.0,2287.0,2274.0,2347.285714285714,2174.214285714286
2014-12-07,1102.0,8,0,6,7,12,4,2014,1,1936.0,1095.0,1088.0,925.0,2304.8571428571427,2162.1428571428573
2014-12-08,2599.0,2,0,0,8,12,4,2014,0,1102.0,2683.0,2189.0,2003.0,2305.8571428571427,2168.464285714286
2014-12-09,3092.0,7,0,1,9,12,4,2014,0,2599.0,2392.0,2042.0,2410.0,2293.8571428571427,2189.75
2014-12-10,4481.0,7,0,2,10,12,4,2014,0,3092.0,2955.0,2674.0,2452.0,2393.8571428571427,2214.1071428571427
2014-12-11,2739.0,9,0,3,11,12,4,2014,0,4481.0,2845.0,1882.0,2112.0,2611.8571428571427,2286.5714285714284
2014-12-12,2507.0,3,0,4,12,12,4,2014,0,2739.0,2228.0,2212.0,2109.0,2596.714285714286,2308.964285714286
2014-12-13,2560.0,9,0,5,13,12,4,2014,1,2507.0,1936.0,2233.0,2256.0,2636.5714285714284,2323.1785714285716
2014-12-14,1282.0,13,0,6,14,12,4,2014,1,2560.0,1102.0,1095.0,1326.0,2725.714285714286,2334.035714285714
2014-12-15,3075.0,3,0,0,15,12,4,2014,0,1282.0,2599.0,2683.0,2171.0,2751.4285714285716,2332.464285714286
2014-12-16,3404.0,6,0,1,16,12,4,2014,0,3075.0,3092.0,2392.0,2987.0,2819.4285714285716,2364.75
2014-12-17,3498.0,4,0,2,17,12,4,2014,0,3404.0,4481.0,2955.0,2744.0,2864.0,2379.6428571428573
2014-12-18,3428.0,7,0,3,18,12,4,2014,0,3498.0,2739.0,2845.0,2112.0,2723.5714285714284,2406.5714285714284
2014-12-19,3130.0,5,0,4,19,12,4,2014,0,3428.0,2507.0,2228.0,2192.0,2822.0,2453.5714285714284
2014-12-20,3201.0,3,0,5,20,12,4,2014,1,3130.0,2560.0,1936.0,2287.0,2911.0,2487.0714285714284
2014-12-21,1803.0,10,0,6,21,12,4,2014,1,3201.0,1282.0,1102.0,1088.0,3002.5714285714284,2519.714285714286
2014-12-22,3305.0,7,0,0,22,12,4,2014,0,1803.0,3075.0,2599.0,2189.0,3077.0,2545.25
2014-12-23,3231.0,14,0,1,23,12,4,2014,0,3305.0,3404.0,3092.0,2042.0,3109.8571428571427,2585.1071428571427
2014-12-24,2958.0,6,0,2,24,12,4,2014,0,3231.0,3498.0,4481.0,2674.0,3085.1428571428573,2627.5714285714284
2014-12-25,0.0,0,1,3,25,12,4,2014,0,2958.0,3428.0,2739.0,1882.0,3008.0,2637.714285714286
2014-12-26,2450.0,11,0,4,26,12,4,2014,0,0.0,3130.0,2507.0,2212.0,2518.285714285714,2570.5
2014-12-27,1310.0,14,0,5,27,12,4,2014,1,2450.0,3201.0,2560.0,2233.0,2421.1428571428573,2579.0
2014-12-28,568.0,3,0,6,28,12,4,2014,1,1310.0,1803.0,1282.0,1095.0,2151.0,2546.035714285714
2014-12-29,1877.0,14,0,0,29,12,4,2014,0,568.0,3305.0,3075.0,2683.0,1974.5714285714287,2527.214285714286
2014-12-30,2386.0,6,0,1,30,12,4,2014,0,1877.0,3231.0,3404.0,2392.0,1770.5714285714287,2498.4285714285716
2014-12-31,2068.0,10,0,2,31,12,4,2014,0,2386.0,2958.0,3498.0,2955.0,1649.857142857143,2498.214285714286
2015-01-01,0.0,0,0,3,1,1,1,2015,0,2068.0,0.0,3428.0,2845.0,1522.7142857142858,2466.535714285714
2015-01-02,1418.0,9,0,4,2,1,1,2015,0,0.0,2450.0,3130.0,2228.0,1522.7142857142858,2364.9285714285716
2015-01-03,1869.0,9,0,5,3,1,1,2015,1,1418.0,1310.0,3201.0,1936.0,1375.2857142857142,2336.0
2015-01-04,1020.0,19,0,6,4,1,1,2015,1,1869.0,568.0,1803.0,1102.0,1455.142857142857,2333.6071428571427
2015-01-05,2914.0,16,0,0,5,1,1,2015,0,1020.0,1877.0,3305.0,2599.0,1519.7142857142858,2330.6785714285716
2015-01-06,2233.0,12,0,1,6,1,1,2015,0,2914.0,2386.0,3231.0,3092.0,1667.857142857143,2341.9285714285716
2015-01-07,2912.0,14,0,2,7,1,1,2015,0,2233.0,2068.0,2958.0,4481.0,1646.0,2311.25
2015-01-08,2178.0,3,0,3,8,1,1,2015,0,2912.0,0.0,0.0,2739.0,1766.5714285714287,2255.214285714286
2015-01-09,2244.0,5,0,4,9,1,1,2015,0,2178.0,1418.0,2450.0,2507.0,2077.714285714286,2235.1785714285716
2015-01-10,2475.0,2,0,5,10,1,1,2015,1,2244.0,1869.0,1310.0,2560.0,2195.714285714286,2225.785714285714
2015-01-11,1042.0,0,0,6,11,1,1,2015,1,2475.0,1020.0,568.0,1282.0,2282.285714285714,2222.75
2015-01-12,2330.0,10,0,0,12,1,1,2015,0,1042.0,2914.0,1877.0,3075.0,2285.4285714285716,2214.1785714285716
2015-01-13,2338.0,5,0,1,13,1,1,2015,0,2330.0,2233.0,2386.0,3404.0,2202.0,2187.5714285714284
2015-01-14,2530.0,15,0,2,14,1,1,2015,0,2338.0,2912.0,2068.0,3498.0,2217.0,2149.5
2015-01-15,1726.0,0,0,3,15,1,1,2015,0,2530.0,2178.0,0.0,3428.0,2162.4285714285716,2114.9285714285716
2015-01-16,2209.0,2,0,4,16,1,1,2015,0,1726.0,2244.0,1418.0,3130.0,2097.8571428571427,2054.1428571428573
2015-01-17,2324.0,1,0,5,17,1,1,2015,1,2209.0,2475.0,1869.0,3201.0,2092.8571428571427,2021.25
2015-01-18,1005.0,0,0,6,18,1,1,2015,1,2324.0,1042.0,1020.0,1803.0,2071.285714285714,1989.9285714285713
2015-01-19,2554.0,3,0,0,19,1,1,2015,0,1005.0,2330.0,2914.0,3305.0,2066.0,1961.4285714285713
2015-01-20,2104.0,1,0,1,20,1,1,2015,0,2554.0,2338.0,2233.0,3231.0,2098.0,1934.607142857143
2015-01-21,2557.0,1,0,2,21,1,1,2015,0,2104.0,2530.0,2912.0,2958.0,2064.5714285714284,1894.357142857143
2015-01-22,2297.0,0,0,3,22,1,1,2015,0,2557.0,1726.0,2178.0,0.0,2068.4285714285716,1880.0357142857142
2015-01-23,2158.0,2,0,4,23,1,1,2015,0,2297.0,2209.0,2244.0,2450.0,2150.0,1962.0714285714287
2015-01-24,2191.0,0,0,5,24,1,1,2015,1,2158.0,2324.0,2475.0,1310.0,2142.714285714286,1951.642857142857
2015-01-25,876.0,0,0,6,25,1,1,2015,1,2191.0,1005.0,1042.0,568.0,2123.714285714286,1983.107142857143
2015-01-26,2208.0,1,0,0,26,1,1,2015,0,876.0,2554.0,2330.0,1877.0,2105.285714285714,1994.107142857143
2015-01-27,2142.0,1,0,1,27,1,1,2015,0,2208.0,2104.0,2338.0,2386.0,2055.8571428571427,2005.9285714285713
2015-01-28,2531.0,0,0,2,28,1,1,2015,0,2142.0,2557.0,2530.0,2068.0,2061.285714285714,1997.2142857142858
2015-01-29,2324.0,5,0,3,29,1,1,2015,0,2531.0,2297.0,1726.0,0.0,2057.5714285714284,2013.75
2015-01-30,3186.0,5,0,4,30,1,1,2015,0,2324.0,2158.0,2209.0,1418.0,2061.4285714285716,2096.75
2015-01-31,2343.0,3,0,5,31,1,1,2015,1,3186.0,2191.0,2324.0,1869.0,2208.285714285714,2159.8928571428573
2015-02-01,1140.0,4,0,6,1,2,1,2015,1,2343.0,876.0,1005.0,1020.0,2230.0,2176.8214285714284
2015-02-02,3009.0,7,0,0,2,2,1,2015,0,1140.0,2208.0,2554.0,2914.0,2267.714285714286,2181.1071428571427
2015-02-03,2487.0,6,0,1,3,2,1,2015,0,3009.0,2142.0,2104.0,2233.0,2382.1428571428573,2184.5
2015-02-04,2657.0,6,0,2,4,2,1,2015,0,2487.0,2531.0,2557.0,2912.0,2431.4285714285716,2193.5714285714284
2015-02-05,1923.0,3,0,3,5,2,1,2015,0,2657.0,2324.0,2297.0,2178.0,2449.4285714285716,2184.464285714286
2015-02-06,2392.0,14,0,4,6,2,1,2015,0,1923.0,3186.0,2158.0,2244.0,2392.1428571428573,2175.3571428571427
2015-02-07,2266.0,4,0,5,7,2,1,2015,1,2392.0,2343.0,2191.0,2475.0,2278.714285714286,2180.6428571428573
2015-02-08,1049.0,0,0,6,8,2,1,2015,1,2266.0,1140.0,876.0,1042.0,2267.714285714286,2173.1785714285716
2015-02-09,2328.0,3,0,0,9,2,1,2015,0,1049.0,3009.0,2208.0,2330.0,2254.714285714286,2173.4285714285716
2015-02-10,2382.0,3,0,1,10,2,1,2015,0,2328.0,2487.0,2142.0,2338.0,2157.4285714285716,2173.3571428571427
2015-02-11,2447.0,4,0,2,11,2,1,2015,0,2382.0,2657.0,2531.0,2530.0,2142.4285714285716,2174.9285714285716
2015-02-12,2193.0,3,0,3,12,2,1,2015,0,2447.0,1923.0,2324.0,1726.0,2112.4285714285716,2171.964285714286
2015-02-13,2353.0,3,0,4,13,2,1,2015,0,2193.0,2392.0,3186.0,2209.0,2151.0,2188.6428571428573
2015-02-14,1642.0,1,0,5,14,2,1,2015,1,2353.0,2266.0,2343.0,2324.0,2145.4285714285716,2193.785714285714
2015-02-15,670.0,2,0,6,15,2,1,2015,1,1642.0,1049.0,1140.0,1005.0,2056.285714285714,2169.4285714285716
2015-02-16,616.0,1,0,0,16,2,1,2015,0,670.0,2328.0,3009.0,2554.0,2002.142857142857,2157.464285714286
2015-02-17,597.0,4,0,1,17,2,1,2015,0,616.0,2382.0,2487.0,2104.0,1757.5714285714287,2088.25
2015-02-18,2491.0,4,0,2,18,2,1,2015,0,597.0,2447.0,2657.0,2557.0,1502.5714285714287,2034.4285714285713
2015-02-19,1815.0,1,0,3,19,2,1,2015,0,2491.0,2193.0,1923.0,2297.0,1508.857142857143,2032.0714285714287
2015-02-20,2563.0,5,0,4,20,2,1,2015,0,1815.0,2353.0,2392.0,2158.0,1454.857142857143,2014.857142857143
2015-02-21,2467.0,3,0,5,21,2,1,2015,1,2563.0,1642.0,2266.0,2191.0,1484.857142857143,2029.3214285714287
2015-02-22,1076.0,0,0,6,22,2,1,2015,1,2467.0,670.0,1049.0,876.0,1602.7142857142858,2039.1785714285713
2015-02-23,2387.0,4,0,0,23,2,1,2015,0,1076.0,616.0,2328.0,2208.0,1660.7142857142858,2046.3214285714287
2015-02-24,2110.0,3,0,1,24,2,1,2015,0,2387.0,597.0,2382.0,2142.0,1913.7142857142858,2052.714285714286
2015-02-25,2347.0,6,0,2,25,2,1,2015,0,2110.0,2491.0,2447.0,2531.0,2129.8571428571427,2051.5714285714284
2015-02-26,1847.0,5,0,3,26,2,1,2015,0,2347.0,1815.0,2193.0,2324.0,2109.285714285714,2045.0
2015-02-27,2667.0,4,0,4,27,2,1,2015,0,1847.0,2563.0,2353.0,3186.0,2113.8571428571427,2027.9642857142858
2015-02-28,2294.0,5,0,5,28,2,1,2015,1,2667.0,2467.0,1642.0,2343.0,2128.714285714286,2009.4285714285713
2015-03-01,1141.0,7,0,6,1,3,1,2015,1,2294.0,1076.0,670.0,1140.0,2104.0,2007.6785714285713
2015-03-02,2328.0,3,0,0,2,3,1,2015,0,1141.0,2387.0,616.0,3009.0,2113.285714285714,2007.7142857142858
2015-03-03,2404.0,6,0,1,3,3,1,2015,0,2328.0,2110.0,597.0,2487.0,2104.8571428571427,1983.392857142857
2015-03-04,2486.0,5,0,2,4,3,1,2015,0,2404.0,2347.0,2491.0,2657.0,2146.8571428571427,1980.4285714285713
2015-03-05,2092.0,7,0,3,5,3,1,2015,0,2486.0,1847.0,1815.0,1923.0,2166.714285714286,1974.3214285714287
2015-03-06,2235.0,6,0,4,6,3,1,2015,0,2092.0,2667.0,2563.0,2392.0,2201.714285714286,1980.357142857143
2015-03-07,2707.0,6,0,5,7,3,1,2015,1,2235.0,2294.0,2467.0,2266.0,2140.0,1974.75
2015-03-08,981.0,5,0,6,8,3,1,2015,1,2707.0,1141.0,1076.0,1049.0,2199.0,1990.5
2015-03-09,3118.0,9,0,0,9,3,1,2015,0,981.0,2328.0,2387.0,2328.0,2176.1428571428573,1988.0714285714287
2015-03-10,2418.0,7,0,1,10,3,1,2015,0,3118.0,2404.0,2110.0,2382.0,2289.0,2016.2857142857142
2015-03-11,2679.0,5,0,2,11,3,1,2015,0,2418.0,2486.0,2347.0,2447.0,2291.0,2017.5714285714287
2015-03-12,1779.0,7,0,3,12,3,1,2015,0,2679.0,2092.0,1847.0,2193.0,2318.5714285714284,2025.857142857143
2015-03-13,2605.0,9,0,4,13,3,1,2015,0,1779.0,2235.0,2667.0,2353.0,2273.8571428571427,2011.0714285714287
2015-03-14,2660.0,9,0,5,14,3,1,2015,1,2605.0,2707.0,2294.0,1642.0,2326.714285714286,2020.0714285714287
2015-03-15,1096.0,8,0,6,15,3,1,2015,1,2660.0,981.0,1141.0,670.0,2320.0,2056.4285714285716
2015-03-16,2328.0,6,0,0,16,3,1,2015,0,1096.0,3118.0,2328.0,616.0,2336.4285714285716,2071.6428571428573
2015-03-17,2207.0,6,0,1,17,3,1,2015,0,2328.0,2418.0,2404.0,597.0,2223.5714285714284,2132.785714285714
2015-03-18,2369.0,8,0,2,18,3,1,2015,0,2207.0,2679.0,2486.0,2491.0,2193.4285714285716,2190.285714285714
2015-03-19,2264.0,12,0,3,19,3,1,2015,0,2369.0,1779.0,2092.0,1815.0,2149.1428571428573,2185.9285714285716
2015-03-20,2978.0,7,0,4,20,3,1,2015,0,2264.0,2605.0,2235.0,2563.0,2218.4285714285716,2201.964285714286
2015-03-21,2563.0,9,0,5,21,3,1,2015,1,2978.0,2660.0,2707.0,2467.0,2271.714285714286,2216.785714285714
2015-03-22,1076.0,7,0,6,22,3,1,2015,1,2563.0,1096.0,981.0,1076.0,2257.8571428571427,2220.214285714286
2015-03-23,2349.0,8,0,0,23,3,1,2015,0,1076.0,2328.0,3118.0,2387.0,2255.0,2220.214285714286
2015-03-24,2500.0,14,0,1,24,3,1,2015,0,2349.0,2207.0,2418.0,2110.0,2258.0,2218.8571428571427
2015-03-25,2481.0,9,0,2,25,3,1,2015,0,2500.0,2369.0,2679.0,2347.0,2299.8571428571427,2232.785714285714
2015-03-26,1951.0,4,0,3,26,3,1,2015,0,2481.0,2264.0,1779.0,1847.0,2315.8571428571427,2237.5714285714284
2015-03-27,2300.0,5,0,4,27,3,1,2015,0,1951.0,2978.0,2605.0,2667.0,2271.1428571428573,2241.285714285714
2015-03-28,2270.0,5,0,5,28,3,1,2015,1,2300.0,2563.0,2660.0,2294.0,2174.285714285714,2228.1785714285716
2015-03-29,952.0,7,0,6,29,3,1,2015,1,2270.0,1076.0,1096.0,1141.0,2132.4285714285716,2227.3214285714284
2015-03-30,2163.0,7,0,0,30,3,1,2015,0,952.0,2349.0,2328.0,2328.0,2114.714285714286,2220.5714285714284
2015-03-31,2436.0,8,0,1,31,3,1,2015,0,2163.0,2500.0,2207.0,2404.0,2088.1428571428573,2214.6785714285716
2015-04-01,3048.0,12,0,2,1,4,2,2015,0,2436.0,2481.0,2369.0,2486.0,2079.0,2215.8214285714284
2015-04-02,2558.0,5,0,3,2,4,2,2015,0,3048.0,1951.0,2264.0,2092.0,2160.0,2235.8928571428573
2015-04-03,766.0,3,0,4,3,4,2,2015,0,2558.0,2300.0,2978.0,2235.0,2246.714285714286,2252.535714285714
2015-04-04,1879.0,5,0,5,4,4,2,2015,1,766.0,2270.0,2563.0,2707.0,2027.5714285714287,2200.0714285714284
2015-04-05,881.0,3,0,6,5,4,2,2015,1,1879.0,952.0,1076.0,981.0,1971.7142857142858,2170.5
2015-04-06,2604.0,4,0,0,6,4,2,2015,0,881.0,2163.0,2349.0,3118.0,1961.5714285714287,2166.9285714285716
2015-04-07,2319.0,5,0,1,7,4,2,2015,0,2604.0,2436.0,2500.0,2418.0,2024.5714285714287,2148.5714285714284
2015-04-08,2734.0,5,0,2,8,4,2,2015,0,2319.0,3048.0,2481.0,2679.0,2007.857142857143,2145.035714285714
2015-04-09,1968.0,4,0,3,9,4,2,2015,0,2734.0,2558.0,1951.0,1779.0,1963.0,2147.0
2015-04-10,2448.0,4,0,4,10,4,2,2015,0,1968.0,766.0,2300.0,2605.0,1878.7142857142858,2153.75
2015-04-11,2315.0,3,0,5,11,4,2,2015,1,2448.0,1879.0,2270.0,2660.0,2119.0,2148.1428571428573
2015-04-12,947.0,4,0,6,12,4,2,2015,1,2315.0,881.0,952.0,1096.0,2181.285714285714,2135.8214285714284
2015-04-13,2298.0,5,0,0,13,4,2,2015,0,947.0,2604.0,2163.0,2328.0,2190.714285714286,2130.5
2015-04-14,2032.0,5,0,1,14,4,2,2015,0,2298.0,2319.0,2436.0,2207.0,2147.0,2129.4285714285716
2015-04-15,2325.0,4,0,2,15,4,2,2015,0,2032.0,2734.0,3048.0,2369.0,2106.0,2123.1785714285716
2015-04-16,2142.0,3,0,3,16,4,2,2015,0,2325.0,1968.0,2558.0,2264.0,2047.5714285714287,2121.6071428571427
2015-04-17,2263.0,7,0,4,17,4,2,2015,0,2142.0,2448.0,766.0,2978.0,2072.4285714285716,2117.25
2015-04-18,2606.0,8,0,5,18,4,2,2015,1,2263.0,2315.0,1879.0,2563.0,2046.0,2091.714285714286
2015-04-19,1267.0,6,0,6,19,4,2,2015,1,2606.0,947.0,881.0,1076.0,2087.5714285714284,2093.25
2015-04-20,2473.0,6,0,0,20,4,2,2015,0,1267.0,2298.0,2604.0,2349.0,2133.285714285714,2100.0714285714284
2015-04-21,2924.0,8,0,1,21,4,2,2015,0,2473.0,2032.0,2319.0,2500.0,2158.285714285714,2104.5
2015-04-22,4343.0,7,0,2,22,4,2,2015,0,2924.0,2325.0,2734.0,2481.0,2285.714285714286,2119.6428571428573
2015-04-23,2194.0,11,0,3,23,4,2,2015,0,4343.0,2142.0,1968.0,1951.0,2574.0,2186.1428571428573
2015-04-24,2353.0,15,0,4,24,4,2,2015,0,2194.0,2263.0,2448.0,2300.0,2581.4285714285716,2194.8214285714284
2015-04-25,2200.0,13,0,5,25,4,2,2015,1,2353.0,2606.0,2315.0,2270.0,2594.285714285714,2196.714285714286
2015-04-26,1047.0,17,0,6,26,4,2,2015,1,2200.0,1267.0,947.0,952.0,2536.285714285714,2194.214285714286
2015-04-27,2381.0,11,0,0,27,4,2,2015,0,1047.0,2473.0,2298.0,2163.0,2504.8571428571427,2197.6071428571427
2015-04-28,1918.0,14,0,1,28,4,2,2015,0,2381.0,2924.0,2032.0,2436.0,2491.714285714286,2205.3928571428573
2015-04-29,2115.0,13,0,2,29,4,2,2015,0,1918.0,4343.0,2325.0,3048.0,2348.0,2186.8928571428573
2015-04-30,2233.0,17,0,3,30,4,2,2015,0,2115.0,2194.0,2142.0,2558.0,2029.7142857142858,2153.5714285714284
2015-05-01,800.0,7,0,4,1,5,2,2015,0,2233.0,2353.0,2263.0,766.0,2035.2857142857142,2141.964285714286
2015-05-02,2562.0,9,0,5,2,5,2,2015,1,800.0,2200.0,2606.0,1879.0,1813.4285714285713,2143.1785714285716
2015-05-03,981.0,9,0,6,3,5,2,2015,1,2562.0,1047.0,1267.0,881.0,1865.142857142857,2167.5714285714284
2015-05-04,2620.0,10,0,0,4,5,2,2015,0,981.0,2381.0,2473.0,2604.0,1855.7142857142858,2171.1428571428573
2015-05-05,2468.0,13,0,1,5,5,2,2015,0,2620.0,1918.0,2924.0,2319.0,1889.857142857143,2171.714285714286
2015-05-06,2831.0,20,0,2,6,5,2,2015,0,2468.0,2115.0,4343.0,2734.0,1968.4285714285713,2177.035714285714
2015-05-07,2380.0,7,0,3,7,5,2,2015,0,2831.0,2233.0,2194.0,1968.0,2070.714285714286,2180.5
2015-05-08,2795.0,9,0,4,8,5,2,2015,0,2380.0,800.0,2353.0,2448.0,2091.714285714286,2195.214285714286
2015-05-09,2729.0,7,0,5,9,5,2,2015,1,2795.0,2562.0,2200.0,2315.0,2376.714285714286,2207.6071428571427
2015-05-10,717.0,5,0,6,10,5,2,2015,1,2729.0,981.0,1047.0,947.0,2400.5714285714284,2222.3928571428573
2015-05-11,2381.0,15,0,0,11,5,2,2015,0,717.0,2620.0,2381.0,2298.0,2362.8571428571427,2214.1785714285716
2015-05-12,2436.0,8,0,1,12,5,2,2015,0,2381.0,2468.0,1918.0,2032.0,2328.714285714286,2217.1428571428573
2015-05-13,2407.0,10,0,2,13,5,2,2015,0,2436.0,2831.0,2115.0,2325.0,2324.1428571428573,2231.5714285714284
2015-05-14,1895.0,7,0,3,14,5,2,2015,0,2407.0,2380.0,2233.0,2142.0,2263.5714285714284,2234.5
2015-05-15,2121.0,3,0,4,15,5,2,2015,0,1895.0,2795.0,800.0,2263.0,2194.285714285714,2225.6785714285716
2015-05-16,2327.0,13,0,5,16,5,2,2015,1,2121.0,2729.0,2562.0,2606.0,2098.0,2220.6071428571427
2015-05-17,961.0,3,0,6,17,5,2,2015,1,2327.0,717.0,981.0,1267.0,2040.5714285714287,2210.6428571428573
2015-05-18,2178.0,4,0,0,18,5,2,2015,0,961.0,2381.0,2620.0,2473.0,2075.4285714285716,2199.714285714286
2015-05-19,2449.0,3,0,1,19,5,2,2015,0,2178.0,2436.0,2468.0,2924.0,2046.4285714285713,2189.1785714285716
2015-05-20,2866.0,7,0,2,20,5,2,2015,0,2449.0,2407.0,2831.0,4343.0,2048.285714285714,2172.214285714286
2015-05-21,2305.0,6,0,3,21,5,2,2015,0,2866.0,1895.0,2380.0,2194.0,2113.8571428571427,2119.464285714286
2015-05-22,2328.0,2,0,4,22,5,2,2015,0,2305.0,2121.0,2795.0,2353.0,2172.4285714285716,2123.4285714285716
2015-05-23,2234.0,7,0,5,23,5,2,2015,1,2328.0,2327.0,2729.0,2200.0,2202.0,2122.535714285714
2015-05-24,1114.0,10,0,6,24,5,2,2015,1,2234.0,961.0,717.0,1047.0,2188.714285714286,2123.75
2015-05-25,2295.0,6,0,0,25,5,2,2015,0,1114.0,2178.0,2381.0,2381.0,2210.5714285714284,2126.1428571428573
2015-05-26,2317.0,2,0,1,26,5,2,2015,0,2295.0,2449.0,2436.0,1918.0,2227.285714285714,2123.0714285714284
2015-05-27,2644.0,16,0,2,27,5,2,2015,0,2317.0,2866.0,2407.0,2115.0,2208.4285714285716,2137.3214285714284
2015-05-28,2195.0,3,0,3,28,5,2,2015,0,2644.0,2305.0,1895.0,2233.0,2176.714285714286,2156.214285714286
2015-05-29,2234.0,7,0,4,29,5,2,2015,0,2195.0,2328.0,2121.0,800.0,2161.0,2154.8571428571427
2015-05-30,2436.0,5,0,5,30,5,2,2015,1,2234.0,2234.0,2327.0,2562.0,2147.5714285714284,2206.0714285714284
2015-05-31,1093.0,8,0,6,31,5,2,2015,1,2436.0,1114.0,961.0,981.0,2176.4285714285716,2201.5714285714284
2015-06-01,2497.0,7,0,0,1,6,2,2015,0,1093.0,2295.0,2178.0,2620.0,2173.4285714285716,2205.5714285714284
2015-06-02,2554.0,4,0,1,2,6,2,2015,0,2497.0,2317.0,2449.0,2468.0,2202.285714285714,2201.1785714285716
2015-06-03,3614.0,7,0,2,3,6,2,2015,0,2554.0,2644.0,2866.0,2831.0,2236.1428571428573,2204.25
2015-06-04,2134.0,6,0,3,4,6,2,2015,0,3614.0,2195.0,2305.0,2380.0,2374.714285714286,2232.214285714286
2015-06-05,2747.0,6,0,4,5,6,2,2015,0,2134.0,2234.0,2328.0,2795.0,2366.0,2223.4285714285716
2015-06-06,2377.0,8,0,5,6,6,2,2015,1,2747.0,2436.0,2234.0,2729.0,2439.285714285714,2221.714285714286
2015-06-07,832.0,7,0,6,7,6,2,2015,1,2377.0,1093.0,1114.0,717.0,2430.8571428571427,2209.1428571428573
2015-06-08,2476.0,3,0,0,8,6,2,2015,0,832.0,2497.0,2295.0,2381.0,2393.5714285714284,2213.25
2015-06-09,2166.0,3,0,1,9,6,2,2015,0,2476.0,2554.0,2317.0,2436.0,2390.5714285714284,2216.6428571428573
2015-06-10,2718.0,7,0,2,10,6,2,2015,0,2166.0,3614.0,2644.0,2407.0,2335.1428571428573,2207.0
2015-06-11,2073.0,5,0,3,11,6,2,2015,0,2718.0,2134.0,2195.0,1895.0,2207.1428571428573,2218.1071428571427
2015-06-12,2315.0,8,0,4,12,6,2,2015,0,2073.0,2747.0,2234.0,2121.0,2198.4285714285716,2224.464285714286
2015-06-13,2341.0,16,0,5,13,6,2,2015,1,2315.0,2377.0,2436.0,2327.0,2136.714285714286,2231.3928571428573
2015-06-14,1120.0,2,0,6,14,6,2,2015,1,2341.0,832.0,1093.0,961.0,2131.5714285714284,2231.8928571428573
2015-06-15,2428.0,9,0,0,15,6,2,2015,0,1120.0,2476.0,2497.0,2178.0,2172.714285714286,2237.5714285714284
2015-06-16,2531.0,10,0,1,16,6,2,2015,0,2428.0,2166.0,2554.0,2449.0,2165.8571428571427,2246.5
2015-06-17,2803.0,12,0,2,17,6,2,2015,0,2531.0,2718.0,3614.0,2866.0,2218.0,2249.4285714285716
2015-06-18,1900.0,14,0,3,18,6,2,2015,0,2803.0,2073.0,2134.0,2305.0,2230.1428571428573,2247.1785714285716
2015-06-19,2377.0,10,0,4,19,6,2,2015,0,1900.0,2315.0,2747.0,2328.0,2205.4285714285716,2232.714285714286
2015-06-20,2537.0,13,0,5,20,6,2,2015,1,2377.0,2341.0,2377.0,2234.0,2214.285714285714,2234.464285714286
2015-06-21,856.0,13,0,6,21,6,2,2015,1,2537.0,1120.0,832.0,1114.0,2242.285714285714,2245.285714285714
2015-06-22,2451.0,7,0,0,22,6,2,2015,0,856.0,2428.0,2476.0,2295.0,2204.5714285714284,2236.0714285714284
2015-06-23,2316.0,10,0,1,23,6,2,2015,0,2451.0,2531.0,2166.0,2317.0,2207.8571428571427,2241.6428571428573
2015-06-24,2284.0,18,0,2,24,6,2,2015,0,2316.0,2803.0,2718.0,2644.0,2177.1428571428573,2241.6071428571427
2015-06-25,2040.0,7,0,3,25,6,2,2015,0,2284.0,1900.0,2073.0,2195.0,2103.0,2228.75
2015-06-26,2216.0,8,0,4,26,6,2,2015,0,2040.0,2377.0,2315.0,2234.0,2123.0,2223.214285714286
2015-06-27,2147.0,7,0,5,27,6,2,2015,1,2216.0,2537.0,2341.0,2436.0,2100.0,2222.5714285714284
2015-06-28,1169.0,2,0,6,28,6,2,2015,1,2147.0,856.0,1120.0,1093.0,2044.2857142857142,2212.25
2015-06-29,2331.0,2,0,0,29,6,2,2015,0,1169.0,2451.0,2428.0,2497.0,2089.0,2214.964285714286
2015-06-30,2409.0,4,0,1,30,6,2,2015,0,2331.0,2316.0,2531.0,2554.0,2071.8571428571427,2209.035714285714
2015-07-01,2822.0,4,0,2,1,7,3,2015,0,2409.0,2284.0,2803.0,3614.0,2085.1428571428573,2203.8571428571427
2015-07-02,2582.0,4,0,3,2,7,3,2015,0,2822.0,2040.0,1900.0,2134.0,2162.0,2175.5714285714284
2015-07-03,3016.0,6,0,4,3,7,3,2015,0,2582.0,2216.0,2377.0,2747.0,2239.4285714285716,2191.5714285714284
2015-07-04,2365.0,6,0,5,4,7,3,2015,1,3016.0,2147.0,2537.0,2377.0,2353.714285714286,2201.1785714285716
2015-07-05,851.0,9,0,6,5,7,3,2015,1,2365.0,1169.0,856.0,832.0,2384.8571428571427,2200.75
2015-07-06,1607.0,4,0,0,6,7,3,2015,0,851.0,2331.0,2451.0,2476.0,2339.4285714285716,2201.4285714285716
2015-07-07,0.0,0,0,1,7,7,3,2015,0,1607.0,2409.0,2316.0,2166.0,2236.0,2170.3928571428573
2015-07-08,2918.0,6,0,2,8,7,3,2015,0,0.0,2822.0,2284.0,2718.0,1891.857142857143,2093.035714285714
2015-07-09,2600.0,8,0,3,9,7,3,2015,0,2918.0,2582.0,2040.0,2073.0,1905.5714285714287,2100.1785714285716
2015-07-10,2649.0,7,0,4,10,7,3,2015,0,2600.0,3016.0,2216.0,2315.0,1908.142857142857,2119.0
2015-07-11,2400.0,7,0,5,11,7,3,2015,1,2649.0,2365.0,2147.0,2341.0,1855.7142857142858,2130.9285714285716
2015-07-12,915.0,6,0,6,12,7,3,2015,1,2400.0,851.0,1169.0,1120.0,1860.7142857142858,2133.035714285714
2015-07-13,2425.0,8,0,0,13,7,3,2015,0,915.0,1607.0,2331.0,2428.0,1869.857142857143,2125.714285714286
2015-07-14,2539.0,11,0,1,14,7,3,2015,0,2425.0,0.0,2409.0,2531.0,1986.7142857142858,2125.6071428571427
2015-07-15,2796.0,10,0,2,15,7,3,2015,0,2539.0,2918.0,2822.0,2803.0,2349.4285714285716,2125.8928571428573
2015-07-16,2193.0,7,0,3,16,7,3,2015,0,2796.0,2600.0,2582.0,1900.0,2332.0,2125.6428571428573
2015-07-17,3100.0,8,0,4,17,7,3,2015,0,2193.0,2649.0,3016.0,2377.0,2273.8571428571427,2136.1071428571427
2015-07-18,1883.0,7,0,5,18,7,3,2015,1,3100.0,2400.0,2365.0,2537.0,2338.285714285714,2161.9285714285716
2015-07-19,869.0,3,0,6,19,7,3,2015,1,1883.0,915.0,851.0,856.0,2264.4285714285716,2138.5714285714284
2015-07-20,2534.0,12,0,0,20,7,3,2015,0,869.0,2425.0,1607.0,2451.0,2257.8571428571427,2139.035714285714
2015-07-21,2073.0,10,0,1,21,7,3,2015,0,2534.0,2539.0,0.0,2316.0,2273.4285714285716,2142.0
2015-07-22,2370.0,17,0,2,22,7,3,2015,0,2073.0,2796.0,2918.0,2284.0,2206.8571428571427,2133.3214285714284
2015-07-23,2117.0,13,0,3,23,7,3,2015,0,2370.0,2193.0,2600.0,2040.0,2146.0,2136.3928571428573
2015-07-24,2316.0,11,0,4,24,7,3,2015,0,2117.0,3100.0,2649.0,2216.0,2135.1428571428573,2139.1428571428573
2015-07-25,2066.0,7,0,5,25,7,3,2015,1,2316.0,1883.0,2400.0,2147.0,2023.142857142857,2142.714285714286
2015-07-26,864.0,8,0,6,26,7,3,2015,1,2066.0,869.0,915.0,1169.0,2049.285714285714,2139.8214285714284
2015-07-27,2387.0,12,0,0,27,7,3,2015,0,864.0,2534.0,2425.0,2331.0,2048.5714285714284,2128.9285714285716
2015-07-28,2280.0,15,0,1,28,7,3,2015,0,2387.0,2073.0,2539.0,2409.0,2027.5714285714287,2130.9285714285716
2015-07-29,2397.0,12,0,2,29,7,3,2015,0,2280.0,2370.0,2796.0,2822.0,2057.1428571428573,2126.3214285714284
2015-07-30,1983.0,11,0,3,30,7,3,2015,0,2397.0,2117.0,2193.0,2582.0,2061.0,2111.1428571428573
2015-07-31,2432.0,15,0,4,31,7,3,2015,0,1983.0,2316.0,3100.0,3016.0,2041.857142857143,2089.75
2015-08-01,2339.0,6,0,5,1,8,3,2015,1,2432.0,2066.0,1883.0,2365.0,2058.4285714285716,2068.8928571428573
2015-08-02,942.0,11,0,6,2,8,3,2015,1,2339.0,864.0,869.0,851.0,2097.4285714285716,2067.964285714286
2015-08-03,2667.0,11,0,0,3,8,3,2015,0,942.0,2387.0,2534.0,1607.0,2108.5714285714284,2071.214285714286
2015-08-04,3100.0,6,0,1,4,8,3,2015,0,2667.0,2280.0,2073.0,0.0,2148.5714285714284,2109.0714285714284
2015-08-05,2876.0,7,0,2,5,8,3,2015,0,3100.0,2397.0,2370.0,2918.0,2265.714285714286,2219.785714285714
2015-08-06,2219.0,5,0,3,6,8,3,2015,0,2876.0,1983.0,2117.0,2600.0,2334.1428571428573,2218.285714285714
2015-08-07,2325.0,7,0,4,7,8,3,2015,0,2219.0,2432.0,2316.0,2649.0,2367.8571428571427,2204.6785714285716
2015-08-08,1651.0,7,0,5,8,8,3,2015,1,2325.0,2339.0,2066.0,2400.0,2352.5714285714284,2193.1071428571427
2015-08-09,615.0,6,0,6,9,8,3,2015,1,1651.0,942.0,864.0,915.0,2254.285714285714,2166.3571428571427
2015-08-10,659.0,3,0,0,10,8,3,2015,0,615.0,2667.0,2387.0,2425.0,2207.5714285714284,2155.6428571428573
2015-08-11,2537.0,14,0,1,11,8,3,2015,0,659.0,3100.0,2280.0,2539.0,1920.7142857142858,2092.5714285714284
2015-08-12,2579.0,7,0,2,12,8,3,2015,0,2537.0,2876.0,2397.0,2796.0,1840.2857142857142,2092.5
2015-08-13,1875.0,12,0,3,13,8,3,2015,0,2579.0,2219.0,1983.0,2193.0,1797.857142857143,2084.75
2015-08-14,3570.0,10,0,4,14,8,3,2015,0,1875.0,2325.0,2432.0,3100.0,1748.7142857142858,2073.3928571428573
2015-08-15,3090.0,10,0,5,15,8,3,2015,1,3570.0,1651.0,2339.0,1883.0,1926.5714285714287,2090.1785714285716
2015-08-16,907.0,3,0,6,16,8,3,2015,1,3090.0,615.0,942.0,869.0,2132.1428571428573,2133.285714285714
2015-08-17,2375.0,7,0,0,17,8,3,2015,0,907.0,659.0,2667.0,2534.0,2173.8571428571427,2134.6428571428573
2015-08-18,2178.0,5,0,1,18,8,3,2015,0,2375.0,2537.0,3100.0,2073.0,2419.0,2128.964285714286
2015-08-19,2421.0,8,0,2,19,8,3,2015,0,2178.0,2579.0,2876.0,2370.0,2367.714285714286,2132.714285714286
2015-08-20,2171.0,10,0,3,20,8,3,2015,0,2421.0,1875.0,2219.0,2117.0,2345.1428571428573,2134.535714285714
2015-08-21,2248.0,10,0,4,21,8,3,2015,0,2171.0,3570.0,2325.0,2316.0,2387.4285714285716,2136.464285714286
2015-08-22,2251.0,13,0,5,22,8,3,2015,1,2248.0,3090.0,1651.0,2066.0,2198.5714285714284,2134.035714285714
2015-08-23,774.0,8,0,6,23,8,3,2015,1,2251.0,907.0,615.0,864.0,2078.714285714286,2140.6428571428573
2015-08-24,2244.0,6,0,0,24,8,3,2015,0,774.0,2375.0,659.0,2387.0,2059.714285714286,2137.4285714285716
2015-08-25,2233.0,9,0,1,25,8,3,2015,0,2244.0,2178.0,2537.0,2280.0,2041.0,2132.3214285714284
2015-08-26,2643.0,13,0,2,26,8,3,2015,0,2233.0,2421.0,2579.0,2397.0,2048.8571428571427,2130.6428571428573
2015-08-27,2067.0,6,0,3,27,8,3,2015,0,2643.0,2171.0,1875.0,1983.0,2080.5714285714284,2139.4285714285716
2015-08-28,2313.0,11,0,4,28,8,3,2015,0,2067.0,2248.0,3570.0,2432.0,2065.714285714286,2142.4285714285716
2015-08-29,2418.0,10,0,5,29,8,3,2015,1,2313.0,2251.0,3090.0,2339.0,2075.0,2138.1785714285716
2015-08-30,869.0,5,0,6,30,8,3,2015,1,2418.0,774.0,907.0,942.0,2098.8571428571427,2141.0
2015-08-31,2454.0,7,0,0,31,8,3,2015,0,869.0,2244.0,2375.0,2667.0,2112.4285714285716,2138.3928571428573
2015-09-01,2517.0,9,0,1,1,9,3,2015,0,2454.0,2233.0,2178.0,3100.0,2142.4285714285716,2130.785714285714
2015-09-02,3066.0,8,0,2,2,9,3,2015,0,2517.0,2643.0,2421.0,2876.0,2183.0,2109.964285714286
2015-09-03,2571.0,2,0,3,3,9,3,2015,0,3066.0,2067.0,2171.0,2219.0,2243.4285714285716,2116.75
2015-09-04,2840.0,6,0,4,4,9,3,2015,0,2571.0,2313.0,2248.0,2325.0,2315.4285714285716,2129.3214285714284
2015-09-05,2430.0,9,0,5,5,9,3,2015,1,2840.0,2418.0,2251.0,1651.0,2390.714285714286,2147.714285714286
2015-09-06,1067.0,1,0,6,6,9,3,2015,1,2430.0,869.0,774.0,615.0,2392.4285714285716,2175.535714285714
2015-09-07,2477.0,6,0,0,7,9,3,2015,0,1067.0,2454.0,2244.0,659.0,2420.714285714286,2191.6785714285716
2015-09-08,2406.0,7,0,1,8,9,3,2015,0,2477.0,2517.0,2233.0,2537.0,2424.0,2256.6071428571427
2015-09-09,2627.0,4,0,2,9,9,3,2015,0,2406.0,3066.0,2643.0,2579.0,2408.1428571428573,2251.9285714285716
2015-09-10,2047.0,8,0,3,10,9,3,2015,0,2627.0,2571.0,2067.0,1875.0,2345.4285714285716,2253.6428571428573
2015-09-11,2263.0,10,0,4,11,9,3,2015,0,2047.0,2840.0,2313.0,3570.0,2270.5714285714284,2259.785714285714
2015-09-12,2443.0,2,0,5,12,9,3,2015,1,2263.0,2430.0,2418.0,3090.0,2188.1428571428573,2213.1071428571427
2015-09-13,969.0,2,0,6,13,9,3,2015,1,2443.0,1067.0,869.0,907.0,2190.0,2190.0
2015-09-14,2349.0,5,0,0,14,9,3,2015,0,969.0,2477.0,2454.0,2375.0,2176.0,2192.214285714286
2015-09-15,2305.0,4,0,1,15,9,3,2015,0,2349.0,2406.0,2517.0,2178.0,2157.714285714286,2191.285714285714
2015-09-16,2644.0,8,0,2,16,9,3,2015,0,2305.0,2627.0,3066.0,2421.0,2143.285714285714,2195.8214285714284
2015-09-17,2140.0,5,0,3,17,9,3,2015,0,2644.0,2047.0,2571.0,2171.0,2145.714285714286,2203.785714285714
2015-09-18,2537.0,5,0,4,18,9,3,2015,0,2140.0,2263.0,2840.0,2248.0,2159.0,2202.6785714285716
2015-09-19,2360.0,6,0,5,19,9,3,2015,1,2537.0,2443.0,2430.0,2251.0,2198.1428571428573,2213.0
2015-09-20,997.0,2,0,6,20,9,3,2015,1,2360.0,969.0,1067.0,774.0,2186.285714285714,2216.8928571428573
2015-09-21,2311.0,2,0,0,21,9,3,2015,0,997.0,2349.0,2477.0,2244.0,2190.285714285714,2224.8571428571427
2015-09-22,2378.0,4,0,1,22,9,3,2015,0,2311.0,2305.0,2406.0,2233.0,2184.8571428571427,2227.25
2015-09-23,2412.0,6,0,2,23,9,3,2015,0,2378.0,2644.0,2627.0,2643.0,2195.285714285714,2232.4285714285716
2015-09-24,2129.0,4,0,3,24,9,3,2015,0,2412.0,2140.0,2047.0,2067.0,2162.1428571428573,2224.1785714285716
2015-09-25,2456.0,6,0,4,25,9,3,2015,0,2129.0,2537.0,2263.0,2313.0,2160.5714285714284,2226.3928571428573
2015-09-26,2495.0,11,0,5,26,9,3,2015,1,2456.0,2360.0,2443.0,2418.0,2149.0,2231.5
2015-09-27,1159.0,4,0,6,27,9,3,2015,1,2495.0,997.0,969.0,869.0,2168.285714285714,2234.25
2015-09-28,2189.0,6,0,0,28,9,3,2015,0,1159.0,2311.0,2349.0,2454.0,2191.4285714285716,2244.6071428571427
2015-09-29,2271.0,10,0,1,29,9,3,2015,0,2189.0,2378.0,2305.0,2517.0,2174.0,2235.1428571428573
2015-09-30,3529.0,8,0,2,30,9,3,2015,0,2271.0,2412.0,2644.0,3066.0,2158.714285714286,2226.3571428571427
2015-10-01,2715.0,13,0,3,1,10,4,2015,0,3529.0,2129.0,2140.0,2571.0,2318.285714285714,2242.8928571428573
2015-10-02,2848.0,8,0,4,2,10,4,2015,0,2715.0,2456.0,2537.0,2840.0,2402.0,2248.035714285714
2015-10-03,3093.0,8,0,5,3,10,4,2015,1,2848.0,2495.0,2360.0,2430.0,2458.0,2248.3214285714284
2015-10-04,1300.0,4,0,6,4,10,4,2015,1,3093.0,1159.0,997.0,1067.0,2543.4285714285716,2272.0
2015-10-05,3839.0,13,0,0,5,10,4,2015,0,1300.0,2189.0,2311.0,2477.0,2563.5714285714284,2280.3214285714284
2015-10-06,2626.0,10,0,1,6,10,4,2015,0,3839.0,2271.0,2378.0,2406.0,2799.285714285714,2328.964285714286
2015-10-07,2700.0,10,0,2,7,10,4,2015,0,2626.0,3529.0,2412.0,2627.0,2850.0,2336.8214285714284
2015-10-08,2564.0,10,0,3,8,10,4,2015,0,2700.0,2715.0,2129.0,2047.0,2731.5714285714284,2339.4285714285716
2015-10-09,1084.0,4,0,4,9,10,4,2015,0,2564.0,2848.0,2456.0,2263.0,2710.0,2357.8928571428573
2015-10-10,2052.0,6,0,5,10,10,4,2015,1,1084.0,3093.0,2495.0,2443.0,2458.0,2315.785714285714
2015-10-11,995.0,9,0,6,11,10,4,2015,1,2052.0,1300.0,1159.0,969.0,2309.285714285714,2301.8214285714284
2015-10-12,2522.0,10,0,0,12,10,4,2015,0,995.0,3839.0,2189.0,2349.0,2265.714285714286,2302.75
2015-10-13,2312.0,9,0,1,13,10,4,2015,0,2522.0,2626.0,2271.0,2305.0,2077.5714285714284,2308.9285714285716
2015-10-14,2755.0,9,0,2,14,10,4,2015,0,2312.0,2700.0,3529.0,2644.0,2032.7142857142858,2309.1785714285716
2015-10-15,2238.0,3,0,3,15,10,4,2015,0,2755.0,2564.0,2715.0,2140.0,2040.5714285714287,2313.1428571428573
2015-10-16,3068.0,6,0,4,16,10,4,2015,0,2238.0,1084.0,2848.0,2537.0,1994.0,2316.6428571428573
2015-10-17,2909.0,5,0,5,17,10,4,2015,1,3068.0,2052.0,3093.0,2360.0,2277.4285714285716,2335.6071428571427
2015-10-18,1454.0,4,0,6,18,10,4,2015,1,2909.0,995.0,1300.0,997.0,2399.8571428571427,2355.214285714286
2015-10-19,2755.0,6,0,0,19,10,4,2015,0,1454.0,2522.0,3839.0,2311.0,2465.4285714285716,2371.535714285714
2015-10-20,2481.0,3,0,1,20,10,4,2015,0,2755.0,2312.0,2626.0,2378.0,2498.714285714286,2387.3928571428573
2015-10-21,2464.0,3,0,2,21,10,4,2015,0,2481.0,2755.0,2700.0,2412.0,2522.8571428571427,2391.0714285714284
2015-10-22,2154.0,4,0,3,22,10,4,2015,0,2464.0,2238.0,2564.0,2129.0,2481.285714285714,2392.9285714285716
2015-10-23,2785.0,5,0,4,23,10,4,2015,0,2154.0,3068.0,1084.0,2456.0,2469.285714285714,2393.8214285714284
2015-10-24,2296.0,3,0,5,24,10,4,2015,1,2785.0,2909.0,2052.0,2495.0,2428.8571428571427,2405.5714285714284
2015-10-25,1183.0,1,0,6,25,10,4,2015,1,2296.0,1454.0,995.0,1159.0,2341.285714285714,2398.464285714286
2015-10-26,2323.0,3,0,0,26,10,4,2015,0,1183.0,2755.0,2522.0,2189.0,2302.5714285714284,2399.3214285714284
2015-10-27,2331.0,4,0,1,27,10,4,2015,0,2323.0,2481.0,2312.0,2271.0,2240.8571428571427,2404.1071428571427
2015-10-28,3331.0,6,0,2,28,10,4,2015,0,2331.0,2464.0,2755.0,3529.0,2219.4285714285716,2406.25
2015-10-29,2206.0,12,0,3,29,10,4,2015,0,3331.0,2154.0,2238.0,2715.0,2343.285714285714,2399.1785714285716
2015-10-30,2400.0,13,0,4,30,10,4,2015,0,2206.0,2785.0,3068.0,2848.0,2350.714285714286,2381.0
2015-10-31,2086.0,8,0,5,31,10,4,2015,1,2400.0,2296.0,2909.0,3093.0,2295.714285714286,2365.0
2015-11-01,668.0,2,0,6,1,11,4,2015,1,2086.0,1183.0,1454.0,1300.0,2265.714285714286,2329.035714285714
2015-11-02,665.0,3,0,0,2,11,4,2015,0,668.0,2323.0,2755.0,3839.0,2192.1428571428573,2306.464285714286
2015-11-03,1069.0,4,0,1,3,11,4,2015,0,665.0,2331.0,2481.0,2626.0,1955.2857142857142,2193.1071428571427
2015-11-04,3839.0,9,0,2,4,11,4,2015,0,1069.0,3331.0,2464.0,2700.0,1775.0,2137.5
2015-11-05,2528.0,14,0,3,5,11,4,2015,0,3839.0,2206.0,2154.0,2564.0,1847.5714285714287,2178.1785714285716
2015-11-06,2710.0,24,0,4,6,11,4,2015,0,2528.0,2400.0,2785.0,1084.0,1893.5714285714287,2176.8928571428573
2015-11-07,2637.0,13,0,5,7,11,4,2015,1,2710.0,2086.0,2296.0,2052.0,1937.857142857143,2234.964285714286
2015-11-08,1313.0,7,0,6,8,11,4,2015,1,2637.0,668.0,1183.0,995.0,2016.5714285714287,2255.8571428571427
2015-11-09,2493.0,15,0,0,9,11,4,2015,0,1313.0,665.0,2323.0,2522.0,2108.714285714286,2267.214285714286
2015-11-10,2287.0,8,0,1,10,11,4,2015,0,2493.0,1069.0,2331.0,2312.0,2369.8571428571427,2266.1785714285716
2015-11-11,2643.0,13,0,2,11,11,4,2015,0,2287.0,3839.0,3331.0,2755.0,2543.8571428571427,2265.285714285714
2015-11-12,2374.0,19,0,3,12,11,4,2015,0,2643.0,2528.0,2206.0,2238.0,2373.0,2261.285714285714
2015-11-13,2452.0,15,0,4,13,11,4,2015,0,2374.0,2710.0,2400.0,3068.0,2351.0,2266.1428571428573
2015-11-14,2481.0,10,0,5,14,11,4,2015,1,2452.0,2637.0,2086.0,2909.0,2314.1428571428573,2244.1428571428573
2015-11-15,1236.0,22,0,6,15,11,4,2015,1,2481.0,1313.0,668.0,1454.0,2291.8571428571427,2228.8571428571427
2015-11-16,2635.0,17,0,0,16,11,4,2015,0,1236.0,2493.0,665.0,2755.0,2280.8571428571427,2221.0714285714284
2015-11-17,2431.0,13,0,1,17,11,4,2015,0,2635.0,2287.0,1069.0,2481.0,2301.1428571428573,2216.785714285714
2015-11-18,2511.0,32,0,2,18,11,4,2015,0,2431.0,2643.0,3839.0,2464.0,2321.714285714286,2215.0
2015-11-19,2420.0,27,0,3,19,11,4,2015,0,2511.0,2374.0,2528.0,2154.0,2302.8571428571427,2216.6785714285716
2015-11-20,2735.0,22,0,4,20,11,4,2015,0,2420.0,2452.0,2710.0,2785.0,2309.4285714285716,2226.1785714285716
2015-11-21,2515.0,17,0,5,21,11,4,2015,1,2735.0,2481.0,2637.0,2296.0,2349.8571428571427,2224.3928571428573
2015-11-22,1254.0,13,0,6,22,11,4,2015,1,2515.0,1236.0,1313.0,1183.0,2354.714285714286,2232.214285714286
2015-11-23,2817.0,17,0,0,23,11,4,2015,0,1254.0,2635.0,2493.0,2323.0,2357.285714285714,2234.75
2015-11-24,2571.0,18,0,1,24,11,4,2015,0,2817.0,2431.0,2287.0,2331.0,2383.285714285714,2252.3928571428573
2015-11-25,2604.0,17,0,2,25,11,4,2015,0,2571.0,2511.0,2643.0,3331.0,2403.285714285714,2260.964285714286
2015-11-26,2350.0,13,0,3,26,11,4,2015,0,2604.0,2420.0,2374.0,2206.0,2416.5714285714284,2235.0
2015-11-27,2453.0,18,0,4,27,11,4,2015,0,2350.0,2735.0,2452.0,2400.0,2406.5714285714284,2240.1428571428573
2015-11-28,2355.0,6,0,5,28,11,4,2015,1,2453.0,2515.0,2481.0,2086.0,2366.285714285714,2242.035714285714
2015-11-29,992.0,8,0,6,29,11,4,2015,1,2355.0,1254.0,1236.0,668.0,2343.4285714285716,2251.6428571428573
2015-11-30,3066.0,15,0,0,30,11,4,2015,0,992.0,2817.0,2635.0,665.0,2306.0,2263.214285714286
2015-12-01,3569.0,31,0,1,1,12,4,2015,0,3066.0,2571.0,2431.0,1069.0,2341.5714285714284,2348.964285714286
2015-12-02,2968.0,24,0,2,2,12,4,2015,0,3569.0,2604.0,2511.0,3839.0,2484.1428571428573,2438.25
2015-12-03,2825.0,13,0,3,3,12,4,2015,0,2968.0,2350.0,2420.0,2528.0,2536.1428571428573,2407.1428571428573
2015-12-04,3268.0,19,0,4,4,12,4,2015,0,2825.0,2453.0,2735.0,2710.0,2604.0,2417.75
2015-12-05,2519.0,11,0,5,5,12,4,2015,1,3268.0,2355.0,2515.0,2637.0,2720.4285714285716,2437.6785714285716
2015-12-06,1189.0,14,0,6,6,12,4,2015,1,2519.0,992.0,1254.0,1313.0,2743.8571428571427,2433.464285714286
2015-12-07,3521.0,17,0,0,7,12,4,2015,0,1189.0,3066.0,2817.0,2493.0,2772.0,2429.035714285714
2015-12-08,2732.0,12,0,1,8,12,4,2015,0,3521.0,3569.0,2571.0,2287.0,2837.0,2465.75
2015-12-09,3588.0,21,0,2,9,12,4,2015,0,2732.0,2968.0,2604.0,2643.0,2717.4285714285716,2481.6428571428573
2015-12-10,3693.0,5,0,3,10,12,4,2015,0,3588.0,2825.0,2350.0,2374.0,2806.0,2515.3928571428573
2015-12-11,2751.0,9,0,4,11,12,4,2015,0,3693.0,3268.0,2453.0,2452.0,2930.0,2562.5
2015-12-12,2393.0,26,0,5,12,12,4,2015,1,2751.0,2519.0,2355.0,2481.0,2856.1428571428573,2573.1785714285716
2015-12-13,1229.0,7,0,6,13,12,4,2015,1,2393.0,1189.0,992.0,1236.0,2838.1428571428573,2570.035714285714
2015-12-14,3129.0,10,0,0,14,12,4,2015,0,1229.0,3521.0,3066.0,2635.0,2843.8571428571427,2569.785714285714
2015-12-15,3178.0,8,0,1,15,12,4,2015,0,3129.0,2732.0,3569.0,2431.0,2787.8571428571427,2587.4285714285716
2015-12-16,3698.0,13,0,2,16,12,4,2015,0,3178.0,3588.0,2968.0,2511.0,2851.5714285714284,2614.1071428571427
2015-12-17,3796.0,14,0,3,17,12,4,2015,0,3698.0,3693.0,2825.0,2420.0,2867.285714285714,2656.5
2015-12-18,4116.0,11,0,4,18,12,4,2015,0,3796.0,2751.0,3268.0,2735.0,2882.0,2705.6428571428573
2015-12-19,3368.0,4,0,5,19,12,4,2015,1,4116.0,2393.0,2519.0,2515.0,3077.0,2754.964285714286
2015-12-20,1673.0,20,0,6,20,12,4,2015,1,3368.0,1229.0,1189.0,1254.0,3216.285714285714,2785.4285714285716
2015-12-21,3894.0,5,0,0,21,12,4,2015,0,1673.0,3129.0,3521.0,2817.0,3279.714285714286,2800.3928571428573
2015-12-22,3906.0,9,0,1,22,12,4,2015,0,3894.0,3178.0,2732.0,2571.0,3389.0,2838.8571428571427
2015-12-23,4146.0,5,0,2,23,12,4,2015,0,3906.0,3698.0,3588.0,2604.0,3493.0,2886.535714285714
2015-12-24,3126.0,6,0,3,24,12,4,2015,0,4146.0,3796.0,3693.0,2350.0,3557.0,2941.6071428571427
2015-12-25,0.0,0,1,4,25,12,4,2015,0,3126.0,4116.0,2751.0,2453.0,3461.285714285714,2969.3214285714284
2015-12-26,1620.0,16,0,5,26,12,4,2015,1,0.0,3368.0,2393.0,2355.0,2873.285714285714,2881.714285714286
2015-12-27,677.0,8,0,6,27,12,4,2015,1,1620.0,1673.0,1229.0,992.0,2623.5714285714284,2855.464285714286
2015-12-28,1989.0,1,0,0,28,12,4,2015,0,677.0,3894.0,3129.0,3066.0,2481.285714285714,2844.214285714286
2015-12-29,1992.0,2,0,1,29,12,4,2015,0,1989.0,3906.0,3178.0,3569.0,2209.1428571428573,2805.75
2015-12-30,2949.0,8,0,2,30,12,4,2015,0,1992.0,4146.0,3698.0,2968.0,1935.7142857142858,2749.4285714285716
2015-12-31,2042.0,4,0,3,31,12,4,2015,0,2949.0,3126.0,3796.0,2825.0,1764.7142857142858,2748.75
2016-01-01,0.0,0,0,4,1,1,1,2016,0,2042.0,0.0,4116.0,3268.0,1609.857142857143,2720.785714285714
2016-01-02,2047.0,22,0,5,2,1,1,2016,1,0.0,1620.0,3368.0,2519.0,1609.857142857143,2604.0714285714284
2016-01-03,1069.0,7,0,6,3,1,1,2016,1,2047.0,677.0,1673.0,1189.0,1670.857142857143,2587.214285714286
2016-01-04,3190.0,5,0,0,4,1,1,2016,0,1069.0,1989.0,3894.0,3521.0,1726.857142857143,2582.9285714285716
2016-01-05,2627.0,12,0,1,5,1,1,2016,0,3190.0,1992.0,3906.0,2732.0,1898.4285714285713,2571.1071428571427
2016-01-06,3330.0,5,0,2,6,1,1,2016,0,2627.0,2949.0,4146.0,3588.0,1989.142857142857,2567.3571428571427
2016-01-07,2500.0,2,0,3,7,1,1,2016,0,3330.0,2042.0,3126.0,3693.0,2043.5714285714287,2558.1428571428573
2016-01-08,2985.0,4,0,4,8,1,1,2016,0,2500.0,0.0,0.0,2751.0,2109.0,2515.535714285714
2016-01-09,2427.0,6,0,5,9,1,1,2016,1,2985.0,2047.0,1620.0,2393.0,2535.4285714285716,2523.8928571428573
2016-01-10,1061.0,16,0,6,10,1,1,2016,1,2427.0,1069.0,677.0,1229.0,2589.714285714286,2525.1071428571427
2016-01-11,2474.0,3,0,0,11,1,1,2016,0,1061.0,3190.0,1989.0,3129.0,2588.5714285714284,2519.1071428571427
2016-01-12,3035.0,11,0,1,12,1,1,2016,0,2474.0,2627.0,1992.0,3178.0,2486.285714285714,2495.714285714286
2016-01-13,2617.0,16,0,2,13,1,1,2016,0,3035.0,3330.0,2949.0,3698.0,2544.5714285714284,2490.6071428571427
2016-01-14,2403.0,15,0,3,14,1,1,2016,0,2617.0,2500.0,2042.0,3796.0,2442.714285714286,2452.0
2016-01-15,2291.0,4,0,4,15,1,1,2016,0,2403.0,2985.0,0.0,4116.0,2428.8571428571427,2402.25
2016-01-16,2599.0,8,0,5,16,1,1,2016,1,2291.0,2427.0,2047.0,3368.0,2329.714285714286,2337.0714285714284
2016-01-17,1291.0,12,0,6,17,1,1,2016,1,2599.0,1061.0,1069.0,1673.0,2354.285714285714,2309.6071428571427
2016-01-18,2659.0,10,0,0,18,1,1,2016,0,1291.0,2474.0,3190.0,3894.0,2387.1428571428573,2295.964285714286
2016-01-19,2294.0,17,0,1,19,1,1,2016,0,2659.0,3035.0,2627.0,3906.0,2413.5714285714284,2251.8571428571427
2016-01-20,2720.0,23,0,2,20,1,1,2016,0,2294.0,2617.0,3330.0,4146.0,2307.714285714286,2194.285714285714
2016-01-21,2053.0,0,0,3,21,1,1,2016,0,2720.0,2403.0,2500.0,3126.0,2322.4285714285716,2143.3571428571427
2016-01-22,2780.0,1,0,4,22,1,1,2016,0,2053.0,2291.0,2985.0,0.0,2272.4285714285716,2105.035714285714
2016-01-23,2390.0,2,0,5,23,1,1,2016,1,2780.0,2599.0,2427.0,1620.0,2342.285714285714,2204.3214285714284
2016-01-24,950.0,2,0,6,24,1,1,2016,1,2390.0,1291.0,1061.0,677.0,2312.4285714285716,2231.8214285714284
2016-01-25,2601.0,2,0,0,25,1,1,2016,0,950.0,2659.0,2474.0,1989.0,2263.714285714286,2241.5714285714284
2016-01-26,2289.0,0,0,1,26,1,1,2016,0,2601.0,2294.0,3035.0,1992.0,2255.4285714285716,2263.4285714285716
2016-01-27,2689.0,1,0,2,27,1,1,2016,0,2289.0,2720.0,2617.0,2949.0,2254.714285714286,2274.035714285714
2016-01-28,2110.0,32,0,3,28,1,1,2016,0,2689.0,2053.0,2403.0,2042.0,2250.285714285714,2264.75
2016-01-29,2490.0,39,0,4,29,1,1,2016,0,2110.0,2780.0,2291.0,0.0,2258.4285714285716,2267.1785714285716
2016-01-30,2489.0,38,0,5,30,1,1,2016,1,2490.0,2390.0,2599.0,2047.0,2217.0,2356.1071428571427
2016-01-31,1101.0,30,0,6,31,1,1,2016,1,2489.0,950.0,1291.0,1069.0,2231.1428571428573,2371.8928571428573
2016-02-01,2731.0,39,0,0,1,2,1,2016,0,1101.0,2601.0,2659.0,3190.0,2252.714285714286,2373.035714285714
2016-02-02,2665.0,38,0,1,2,2,1,2016,0,2731.0,2289.0,2294.0,2627.0,2271.285714285714,2356.6428571428573
2016-02-03,3591.0,39,0,2,3,2,1,2016,0,2665.0,2689.0,2720.0,3330.0,2325.0,2358.0
2016-02-04,2432.0,60,0,3,4,2,1,2016,0,3591.0,2110.0,2053.0,2500.0,2453.8571428571427,2367.3214285714284
2016-02-05,2632.0,61,0,4,5,2,1,2016,0,2432.0,2490.0,2780.0,2985.0,2499.8571428571427,2364.8928571428573
2016-02-06,2342.0,69,0,5,6,2,1,2016,1,2632.0,2489.0,2390.0,2427.0,2520.1428571428573,2352.285714285714
2016-02-07,631.0,35,0,6,7,2,1,2016,1,2342.0,1101.0,950.0,1061.0,2499.1428571428573,2349.25
2016-02-08,703.0,26,0,0,8,2,1,2016,0,631.0,2731.0,2601.0,2474.0,2432.0,2333.8928571428573
2016-02-09,956.0,40,0,1,9,2,1,2016,0,703.0,2665.0,2289.0,3035.0,2142.285714285714,2270.6428571428573
2016-02-10,2778.0,58,0,2,10,2,1,2016,0,956.0,3591.0,2689.0,2617.0,1898.142857142857,2196.3928571428573
2016-02-11,2452.0,59,0,3,11,2,1,2016,0,2778.0,2432.0,2110.0,2403.0,1782.0,2202.1428571428573
2016-02-12,2790.0,59,0,4,12,2,1,2016,0,2452.0,2632.0,2490.0,2291.0,1784.857142857143,2203.8928571428573
2016-02-13,2557.0,61,0,5,13,2,1,2016,1,2790.0,2342.0,2489.0,2599.0,1807.4285714285713,2221.714285714286
2016-02-14,1117.0,48,0,6,14,2,1,2016,1,2557.0,631.0,1101.0,1291.0,1838.142857142857,2220.214285714286
2016-02-15,2566.0,62,0,0,15,2,1,2016,0,1117.0,703.0,2731.0,2659.0,1907.5714285714287,2214.0
2016-02-16,3345.0,24,0,1,16,2,1,2016,0,2566.0,956.0,2665.0,2294.0,2173.714285714286,2210.6785714285716
2016-02-17,2891.0,23,0,2,17,2,1,2016,0,3345.0,2778.0,3591.0,2720.0,2515.0,2248.214285714286
2016-02-18,2394.0,31,0,3,18,2,1,2016,0,2891.0,2452.0,2432.0,2053.0,2531.1428571428573,2254.3214285714284
2016-02-19,2860.0,29,0,4,19,2,1,2016,0,2394.0,2790.0,2632.0,2780.0,2522.8571428571427,2266.5
2016-02-20,2747.0,31,0,5,20,2,1,2016,1,2860.0,2557.0,2342.0,2390.0,2532.8571428571427,2269.3571428571427
2016-02-21,1200.0,17,0,6,21,2,1,2016,1,2747.0,1117.0,631.0,950.0,2560.0,2282.1071428571427
2016-02-22,2453.0,20,0,0,22,2,1,2016,0,1200.0,2566.0,703.0,2601.0,2571.8571428571427,2291.035714285714
2016-02-23,2451.0,18,0,1,23,2,1,2016,0,2453.0,3345.0,956.0,2289.0,2555.714285714286,2285.75
2016-02-24,2807.0,35,0,2,24,2,1,2016,0,2451.0,2891.0,2778.0,2689.0,2428.0,2291.535714285714
2016-02-25,2084.0,4,0,3,25,2,1,2016,0,2807.0,2394.0,2452.0,2110.0,2416.0,2295.75
2016-02-26,2563.0,11,0,4,26,2,1,2016,0,2084.0,2860.0,2790.0,2490.0,2371.714285714286,2294.8214285714284
2016-02-27,2500.0,12,0,5,27,2,1,2016,1,2563.0,2747.0,2557.0,2489.0,2329.285714285714,2297.4285714285716
2016-02-28,903.0,7,0,6,28,2,1,2016,1,2500.0,1200.0,1117.0,1101.0,2294.0,2297.8214285714284
2016-02-29,2448.0,13,0,0,29,2,1,2016,0,903.0,2453.0,2566.0,2731.0,2251.5714285714284,2290.75
2016-03-01,2808.0,13,0,1,1,3,1,2016,0,2448.0,2451.0,3345.0,2665.0,2250.8571428571427,2280.6428571428573
2016-03-02,3137.0,19,0,2,2,3,1,2016,0,2808.0,2807.0,2891.0,3591.0,2301.8571428571427,2285.75
2016-03-03,2303.0,15,0,3,3,3,1,2016,0,3137.0,2084.0,2394.0,2432.0,2349.0,2269.535714285714
2016-03-04,3587.0,15,0,4,4,3,1,2016,0,2303.0,2563.0,2860.0,2632.0,2380.285714285714,2264.9285714285716
2016-03-05,2878.0,19,0,5,5,3,1,2016,1,3587.0,2500.0,2747.0,2342.0,2526.5714285714284,2299.035714285714
2016-03-06,1365.0,12,0,6,6,3,1,2016,1,2878.0,903.0,1200.0,631.0,2580.5714285714284,2318.1785714285716
2016-03-07,2596.0,15,0,0,7,3,1,2016,0,1365.0,2448.0,2453.0,703.0,2646.5714285714284,2344.3928571428573
2016-03-08,2531.0,0,0,1,8,3,1,2016,0,2596.0,2808.0,2451.0,956.0,2667.714285714286,2412.0
2016-03-09,2750.0,19,0,2,9,3,1,2016,0,2531.0,3137.0,2807.0,2778.0,2628.1428571428573,2468.25
2016-03-10,2196.0,13,0,3,10,3,1,2016,0,2750.0,2303.0,2084.0,2452.0,2572.8571428571427,2467.25
2016-03-11,2714.0,19,0,4,11,3,1,2016,0,2196.0,3587.0,2563.0,2790.0,2557.5714285714284,2458.1071428571427
2016-03-12,2678.0,18,0,5,12,3,1,2016,1,2714.0,2878.0,2500.0,2557.0,2432.8571428571427,2455.3928571428573
2016-03-13,1134.0,12,0,6,13,3,1,2016,1,2678.0,1365.0,903.0,1117.0,2404.285714285714,2459.714285714286
2016-03-14,2266.0,18,0,0,14,3,1,2016,0,1134.0,2596.0,2448.0,2566.0,2371.285714285714,2460.3214285714284
2016-03-15,2986.0,19,0,1,15,3,1,2016,0,2266.0,2531.0,2808.0,3345.0,2324.1428571428573,2449.6071428571427
2016-03-16,3039.0,19,0,2,16,3,1,2016,0,2986.0,2750.0,3137.0,2891.0,2389.1428571428573,2436.785714285714
2016-03-17,2427.0,44,0,3,17,3,1,2016,0,3039.0,2196.0,2303.0,2394.0,2430.4285714285716,2442.0714285714284
2016-03-18,2478.0,24,0,4,18,3,1,2016,0,2427.0,2714.0,3587.0,2860.0,2463.4285714285716,2443.25
2016-03-19,2514.0,24,0,5,19,3,1,2016,1,2478.0,2678.0,2878.0,2747.0,2429.714285714286,2429.6071428571427
2016-03-20,1313.0,16,0,6,20,3,1,2016,1,2514.0,1134.0,1365.0,1200.0,2406.285714285714,2421.285714285714
2016-03-21,2456.0,29,0,0,21,3,1,2016,0,1313.0,2266.0,2596.0,2453.0,2431.8571428571427,2425.3214285714284
2016-03-22,2356.0,23,0,1,22,3,1,2016,0,2456.0,2986.0,2531.0,2451.0,2459.0,2425.4285714285716
2016-03-23,2774.0,28,0,2,23,3,1,2016,0,2356.0,3039.0,2750.0,2807.0,2369.0,2422.035714285714
2016-03-24,2941.0,31,0,3,24,3,1,2016,0,2774.0,2427.0,2196.0,2084.0,2331.1428571428573,2420.8571428571427
2016-03-25,824.0,19,0,4,25,3,1,2016,0,2941.0,2478.0,2714.0,2563.0,2404.5714285714284,2451.464285714286
2016-03-26,1748.0,27,0,5,26,3,1,2016,1,824.0,2514.0,2678.0,2500.0,2168.285714285714,2389.3571428571427
2016-03-27,977.0,19,0,6,27,3,1,2016,1,1748.0,1313.0,1134.0,903.0,2058.8571428571427,2362.5
2016-03-28,2309.0,28,0,0,28,3,1,2016,0,977.0,2456.0,2266.0,2448.0,2010.857142857143,2365.1428571428573
2016-03-29,2698.0,27,0,1,29,3,1,2016,0,2309.0,2356.0,2986.0,2808.0,1989.857142857143,2360.1785714285716
2016-03-30,2632.0,24,0,2,30,3,1,2016,0,2698.0,2774.0,3039.0,3137.0,2038.7142857142858,2356.25
2016-03-31,2407.0,24,0,3,31,3,1,2016,0,2632.0,2941.0,2427.0,2303.0,2018.4285714285713,2338.214285714286
2016-04-01,3554.0,27,0,4,1,4,2,2016,0,2407.0,824.0,2478.0,3587.0,1942.142857142857,2341.9285714285716
2016-04-02,3028.0,23,0,5,2,4,2,2016,1,3554.0,1748.0,2514.0,2878.0,2332.1428571428573,2340.75
2016-04-03,1319.0,18,0,6,3,4,2,2016,1,3028.0,977.0,1313.0,1365.0,2515.0,2346.1071428571427
2016-04-04,2792.0,26,0,0,4,4,2,2016,0,1319.0,2309.0,2456.0,2596.0,2563.8571428571427,2344.464285714286
2016-04-05,2657.0,20,0,1,5,4,2,2016,0,2792.0,2698.0,2356.0,2531.0,2632.8571428571427,2351.464285714286
2016-04-06,2784.0,28,0,2,6,4,2,2016,0,2657.0,2632.0,2774.0,2750.0,2627.0,2355.964285714286
2016-04-07,2625.0,49,0,3,7,4,2,2016,0,2784.0,2407.0,2941.0,2196.0,2648.714285714286,2357.1785714285716
2016-04-08,2486.0,67,0,4,8,4,2,2016,0,2625.0,3554.0,824.0,2714.0,2679.8571428571427,2372.5
2016-04-09,2523.0,51,0,5,9,4,2,2016,1,2486.0,3028.0,1748.0,2678.0,2527.285714285714,2364.3571428571427
2016-04-10,1179.0,31,0,6,10,4,2,2016,1,2523.0,1319.0,977.0,1134.0,2455.1428571428573,2358.8214285714284
2016-04-11,2578.0,54,0,0,11,4,2,2016,0,1179.0,2792.0,2309.0,2266.0,2435.1428571428573,2360.4285714285716
2016-04-12,2406.0,54,0,1,12,4,2,2016,0,2578.0,2657.0,2698.0,2986.0,2404.5714285714284,2371.5714285714284
2016-04-13,2821.0,76,0,2,13,4,2,2016,0,2406.0,2784.0,2632.0,3039.0,2368.714285714286,2350.8571428571427
2016-04-14,2236.0,13,0,3,14,4,2,2016,0,2821.0,2625.0,2407.0,2427.0,2374.0,2343.0714285714284
2016-04-15,2621.0,16,0,4,15,4,2,2016,0,2236.0,2486.0,3554.0,2478.0,2318.4285714285716,2336.25
2016-04-16,2439.0,22,0,5,16,4,2,2016,1,2621.0,2523.0,3028.0,2514.0,2337.714285714286,2341.3571428571427
2016-04-17,2649.0,18,0,6,17,4,2,2016,1,2439.0,1179.0,1319.0,1313.0,2325.714285714286,2338.6785714285716
2016-04-18,9065.0,18,0,0,18,4,2,2016,0,2649.0,2578.0,2792.0,2456.0,2535.714285714286,2386.3928571428573
2016-04-19,8221.0,19,0,1,19,4,2,2016,0,9065.0,2406.0,2657.0,2356.0,3462.4285714285716,2622.4285714285716
2016-04-20,5438.0,28,0,2,20,4,2,2016,0,8221.0,2821.0,2784.0,2774.0,4293.142857142857,2831.8928571428573
2016-04-21,4768.0,39,0,3,21,4,2,2016,0,5438.0,2236.0,2625.0,2941.0,4667.0,2927.035714285714
2016-04-22,4871.0,26,0,4,22,4,2,2016,0,4768.0,2621.0,2486.0,824.0,5028.714285714285,2992.285714285714
2016-04-23,3039.0,27,0,5,23,4,2,2016,1,4871.0,2439.0,2523.0,1748.0,5350.142857142857,3136.8214285714284
2016-04-24,1554.0,34,0,6,24,4,2,2016,1,3039.0,2649.0,1179.0,977.0,5435.857142857143,3182.9285714285716
2016-04-25,2528.0,30,0,0,25,4,2,2016,0,1554.0,9065.0,2578.0,2309.0,5279.428571428572,3203.535714285714
2016-04-26,2535.0,33,0,1,26,4,2,2016,0,2528.0,8221.0,2406.0,2698.0,4345.571428571428,3211.3571428571427
2016-04-27,2779.0,45,0,2,27,4,2,2016,0,2535.0,5438.0,2821.0,2632.0,3533.285714285714,3205.535714285714
2016-04-28,2989.0,63,0,3,28,4,2,2016,0,2779.0,4768.0,2236.0,2407.0,3153.4285714285716,3210.785714285714
2016-04-29,2786.0,57,0,4,29,4,2,2016,0,2989.0,4871.0,2621.0,3554.0,2899.285714285714,3231.5714285714284
2016-04-30,2920.0,69,0,5,30,4,2,2016,1,2786.0,3039.0,2439.0,3028.0,2601.4285714285716,3204.1428571428573
2016-05-01,1470.0,44,0,6,1,5,2,2016,1,2920.0,1554.0,2649.0,1319.0,2584.4285714285716,3200.285714285714
2016-05-02,2870.0,41,0,0,2,5,2,2016,0,1470.0,2528.0,9065.0,2792.0,2572.4285714285716,3205.6785714285716
2016-05-03,2628.0,53,0,1,3,5,2,2016,0,2870.0,2535.0,8221.0,2657.0,2621.285714285714,3208.464285714286
2016-05-04,3279.0,63,0,2,4,5,2,2016,0,2628.0,2779.0,5438.0,2784.0,2634.5714285714284,3207.4285714285716
2016-05-05,2977.0,59,0,3,5,5,2,2016,0,3279.0,2989.0,4768.0,2625.0,2706.0,3225.1071428571427
2016-05-06,2994.0,52,0,4,6,5,2,2016,0,2977.0,2786.0,4871.0,2486.0,2704.285714285714,3237.6785714285716
2016-05-07,3156.0,54,0,5,7,5,2,2016,1,2994.0,2920.0,3039.0,2523.0,2734.0,3255.8214285714284
2016-05-08,852.0,36,0,6,8,5,2,2016,1,3156.0,1470.0,1554.0,1179.0,2767.714285714286,3278.4285714285716
2016-05-09,2969.0,54,0,0,9,5,2,2016,0,852.0,2870.0,2528.0,2578.0,2679.4285714285716,3266.75
2016-05-10,2279.0,50,0,1,10,5,2,2016,0,2969.0,2628.0,2535.0,2406.0,2693.5714285714284,3280.714285714286
2016-05-11,2897.0,34,0,2,11,5,2,2016,0,2279.0,3279.0,2779.0,2821.0,2643.714285714286,3276.1785714285716
2016-05-12,2423.0,34,0,3,12,5,2,2016,0,2897.0,2977.0,2989.0,2236.0,2589.1428571428573,3278.8928571428573
2016-05-13,2783.0,29,0,4,13,5,2,2016,0,2423.0,2994.0,2786.0,2621.0,2510.0,3285.5714285714284
2016-05-14,2713.0,26,0,5,14,5,2,2016,1,2783.0,3156.0,2920.0,2439.0,2479.8571428571427,3291.3571428571427
2016-05-15,1183.0,16,0,6,15,5,2,2016,1,2713.0,852.0,1470.0,2649.0,2416.5714285714284,3301.1428571428573
2016-05-16,2893.0,27,0,0,16,5,2,2016,0,1183.0,2969.0,2870.0,9065.0,2463.8571428571427,3248.785714285714
2016-05-17,3123.0,30,0,1,17,5,2,2016,0,2893.0,2279.0,2628.0,8221.0,2453.0,3028.3571428571427
2016-05-18,2898.0,35,0,2,18,5,2,2016,0,3123.0,2897.0,3279.0,5438.0,2573.5714285714284,2846.285714285714
2016-05-19,2249.0,31,0,3,19,5,2,2016,0,2898.0,2423.0,2977.0,4768.0,2573.714285714286,2755.5714285714284
2016-05-20,2523.0,43,0,4,20,5,2,2016,0,2249.0,2783.0,2994.0,4871.0,2548.8571428571427,2665.6071428571427
2016-05-21,2700.0,28,0,5,21,5,2,2016,1,2523.0,2713.0,3156.0,3039.0,2511.714285714286,2581.75
2016-05-22,1221.0,17,0,6,22,5,2,2016,1,2700.0,1183.0,852.0,1554.0,2509.8571428571427,2569.6428571428573
2016-05-23,2415.0,33,0,0,23,5,2,2016,0,1221.0,2893.0,2969.0,2528.0,2515.285714285714,2557.75
2016-05-24,2293.0,26,0,1,24,5,2,2016,0,2415.0,3123.0,2279.0,2535.0,2447.0,2553.714285714286
2016-05-25,2501.0,34,0,2,25,5,2,2016,0,2293.0,2898.0,2897.0,2779.0,2328.4285714285716,2545.0714285714284
2016-05-26,2592.0,59,0,3,26,5,2,2016,0,2501.0,2249.0,2423.0,2989.0,2271.714285714286,2535.1428571428573
2016-05-27,1153.0,42,0,4,27,5,2,2016,0,2592.0,2523.0,2783.0,2786.0,2320.714285714286,2520.964285714286
2016-05-28,1895.0,49,0,5,28,5,2,2016,1,1153.0,2700.0,2713.0,2920.0,2125.0,2462.6428571428573
2016-05-29,1008.0,29,0,6,29,5,2,2016,1,1895.0,1221.0,1183.0,1470.0,2010.0,2426.035714285714
2016-05-30,2756.0,59,0,0,30,5,2,2016,0,1008.0,2415.0,2893.0,2870.0,1979.5714285714287,2409.535714285714
2016-05-31,3496.0,77,0,1,31,5,2,2016,0,2756.0,2293.0,3123.0,2628.0,2028.2857142857142,2405.464285714286
2016-06-01,3404.0,76,0,2,1,6,2,2016,0,3496.0,2501.0,2898.0,3279.0,2200.1428571428573,2436.464285714286
2016-06-02,2469.0,65,0,3,2,6,2,2016,0,3404.0,2592.0,2249.0,2977.0,2329.1428571428573,2440.9285714285716
2016-06-03,3876.0,53,0,4,3,6,2,2016,0,2469.0,1153.0,2523.0,2994.0,2311.5714285714284,2422.785714285714
2016-06-04,2799.0,53,0,5,4,6,2,2016,1,3876.0,1895.0,2700.0,3156.0,2700.5714285714284,2454.285714285714
2016-06-05,1106.0,27,0,6,5,6,2,2016,1,2799.0,1008.0,1221.0,852.0,2829.714285714286,2441.535714285714
2016-06-06,2821.0,51,0,0,6,6,2,2016,0,1106.0,2756.0,2415.0,2969.0,2843.714285714286,2450.6071428571427
2016-06-07,2790.0,49,0,1,7,6,2,2016,0,2821.0,3496.0,2293.0,2279.0,2853.0,2445.3214285714284
2016-06-08,3208.0,55,0,2,8,6,2,2016,0,2790.0,3404.0,2501.0,2897.0,2752.1428571428573,2463.5714285714284
2016-06-09,2079.0,37,0,3,9,6,2,2016,0,3208.0,2469.0,2592.0,2423.0,2724.1428571428573,2474.6785714285716
2016-06-10,2900.0,67,0,4,10,6,2,2016,0,2079.0,3876.0,1153.0,2783.0,2668.4285714285716,2462.3928571428573
2016-06-11,2436.0,48,0,5,11,6,2,2016,1,2900.0,2799.0,1895.0,2713.0,2529.0,2466.5714285714284
2016-06-12,1184.0,30,0,6,12,6,2,2016,1,2436.0,1106.0,1008.0,1183.0,2477.1428571428573,2456.6785714285716
2016-06-13,2374.0,46,0,0,13,6,2,2016,0,1184.0,2821.0,2756.0,2893.0,2488.285714285714,2456.714285714286
2016-06-14,2301.0,41,0,1,14,6,2,2016,0,2374.0,2790.0,3496.0,3123.0,2424.4285714285716,2438.1785714285716
2016-06-15,3015.0,65,0,2,15,6,2,2016,0,2301.0,3208.0,3404.0,2898.0,2354.5714285714284,2408.8214285714284
2016-06-16,2370.0,46,0,3,16,6,2,2016,0,3015.0,2079.0,2469.0,2249.0,2327.0,2413.0
2016-06-17,2624.0,62,0,4,17,6,2,2016,0,2370.0,2900.0,3876.0,2523.0,2368.5714285714284,2417.3214285714284
2016-06-18,2823.0,51,0,5,18,6,2,2016,1,2624.0,2436.0,2799.0,2700.0,2329.1428571428573,2420.9285714285716
2016-06-19,1042.0,38,0,6,19,6,2,2016,1,2823.0,1184.0,1106.0,1221.0,2384.4285714285716,2425.3214285714284
2016-06-20,2598.0,49,0,0,20,6,2,2016,0,1042.0,2374.0,2821.0,2415.0,2364.1428571428573,2418.9285714285716
2016-06-21,2525.0,53,0,1,21,6,2,2016,0,2598.0,2301.0,2790.0,2293.0,2396.1428571428573,2425.464285714286
2016-06-22,2685.0,67,0,2,22,6,2,2016,0,2525.0,3015.0,3208.0,2501.0,2428.1428571428573,2433.75
2016-06-23,2330.0,47,0,3,23,6,2,2016,0,2685.0,2370.0,2079.0,2592.0,2381.0,2440.3214285714284
2016-06-24,2550.0,53,0,4,24,6,2,2016,0,2330.0,2624.0,2900.0,1153.0,2375.285714285714,2430.964285714286
2016-06-25,2529.0,52,0,5,25,6,2,2016,1,2550.0,2823.0,2436.0,1895.0,2364.714285714286,2480.8571428571427
2016-06-26,1216.0,40,0,6,26,6,2,2016,1,2529.0,1042.0,1184.0,1008.0,2322.714285714286,2503.5
2016-06-27,2390.0,47,0,0,27,6,2,2016,0,1216.0,2598.0,2374.0,2756.0,2347.5714285714284,2510.9285714285716
2016-06-28,2987.0,42,0,1,28,6,2,2016,0,2390.0,2525.0,2301.0,3496.0,2317.8571428571427,2497.8571428571427
2016-06-29,2596.0,45,0,2,29,6,2,2016,0,2987.0,2685.0,3015.0,3404.0,2383.8571428571427,2479.6785714285716
2016-06-30,2155.0,49,0,3,30,6,2,2016,0,2596.0,2330.0,2370.0,2469.0,2371.1428571428573,2450.8214285714284
2016-07-01,3213.0,45,0,4,1,7,3,2016,0,2155.0,2550.0,2624.0,3876.0,2346.1428571428573,2439.6071428571427
2016-07-02,2795.0,38,0,5,2,7,3,2016,1,3213.0,2529.0,2823.0,2799.0,2440.8571428571427,2415.9285714285716
2016-07-03,1263.0,27,0,6,3,7,3,2016,1,2795.0,1216.0,1042.0,1106.0,2478.8571428571427,2415.785714285714
2016-07-04,2946.0,48,0,0,4,7,3,2016,0,1263.0,2390.0,2598.0,2821.0,2485.5714285714284,2421.3928571428573
2016-07-05,2479.0,45,0,1,5,7,3,2016,0,2946.0,2987.0,2525.0,2790.0,2565.0,2425.8571428571427
2016-07-06,3117.0,68,0,2,6,7,3,2016,0,2479.0,2596.0,2685.0,3208.0,2492.4285714285716,2414.75
2016-07-07,2325.0,41,0,3,7,7,3,2016,0,3117.0,2155.0,2330.0,2079.0,2566.8571428571427,2411.5
2016-07-08,2807.0,38,0,4,8,7,3,2016,0,2325.0,3213.0,2550.0,2900.0,2591.1428571428573,2420.285714285714
2016-07-09,2196.0,34,0,5,9,7,3,2016,1,2807.0,2795.0,2529.0,2436.0,2533.1428571428573,2416.964285714286
2016-07-10,1044.0,28,0,6,10,7,3,2016,1,2196.0,1263.0,1216.0,1184.0,2447.5714285714284,2408.3928571428573
2016-07-11,2373.0,46,0,0,11,7,3,2016,0,1044.0,2946.0,2390.0,2374.0,2416.285714285714,2403.3928571428573
2016-07-12,2254.0,41,0,1,12,7,3,2016,0,2373.0,2479.0,2987.0,2301.0,2334.4285714285716,2403.3571428571427
2016-07-13,2955.0,49,0,2,13,7,3,2016,0,2254.0,3117.0,2596.0,3015.0,2302.285714285714,2401.6785714285716
2016-07-14,2379.0,39,0,3,14,7,3,2016,0,2955.0,2325.0,2155.0,2370.0,2279.1428571428573,2399.535714285714
2016-07-15,3094.0,47,0,4,15,7,3,2016,0,2379.0,2807.0,3213.0,2624.0,2286.8571428571427,2399.8571428571427
2016-07-16,2712.0,46,0,5,16,7,3,2016,1,3094.0,2196.0,2795.0,2823.0,2327.8571428571427,2416.6428571428573
2016-07-17,1070.0,29,0,6,17,7,3,2016,1,2712.0,1044.0,1263.0,1042.0,2401.5714285714284,2412.6785714285716
2016-07-18,2540.0,35,0,0,18,7,3,2016,0,1070.0,2373.0,2946.0,2598.0,2405.285714285714,2413.6785714285716
2016-07-19,2457.0,39,0,1,19,7,3,2016,0,2540.0,2254.0,2479.0,2525.0,2429.1428571428573,2411.6071428571427
2016-07-20,2843.0,52,0,2,20,7,3,2016,0,2457.0,2955.0,3117.0,2685.0,2458.1428571428573,2409.1785714285716
2016-07-21,2365.0,40,0,3,21,7,3,2016,0,2843.0,2379.0,2325.0,2330.0,2442.1428571428573,2414.8214285714284
2016-07-22,2755.0,41,0,4,22,7,3,2016,0,2365.0,3094.0,2807.0,2550.0,2440.1428571428573,2416.0714285714284
2016-07-23,2329.0,35,0,5,23,7,3,2016,1,2755.0,2712.0,2196.0,2529.0,2391.714285714286,2423.3928571428573
2016-07-24,1150.0,28,0,6,24,7,3,2016,1,2329.0,1070.0,1044.0,1216.0,2337.0,2416.25
2016-07-25,2285.0,35,0,0,25,7,3,2016,0,1150.0,2540.0,2373.0,2390.0,2348.4285714285716,2413.8928571428573
2016-07-26,2428.0,38,0,1,26,7,3,2016,0,2285.0,2457.0,2254.0,2987.0,2312.0,2410.1428571428573
2016-07-27,2842.0,0,0,2,27,7,3,2016,0,2428.0,2843.0,2955.0,2596.0,2307.8571428571427,2390.1785714285716
2016-07-28,2275.0,37,0,3,28,7,3,2016,0,2842.0,2365.0,2379.0,2155.0,2307.714285714286,2398.964285714286
2016-07-29,2243.0,41,0,4,29,7,3,2016,0,2275.0,2755.0,3094.0,3213.0,2294.8571428571427,2403.25
2016-07-30,2697.0,46,0,5,30,7,3,2016,1,2243.0,2329.0,2712.0,2795.0,2221.714285714286,2368.6071428571427
2016-07-31,1047.0,27,0,6,31,7,3,2016,1,2697.0,1150.0,1070.0,1263.0,2274.285714285714,2365.1071428571427
2016-08-01,3121.0,35,0,0,1,8,3,2016,0,1047.0,2285.0,2540.0,2946.0,2259.5714285714284,2357.3928571428573
2016-08-02,2577.0,37,0,1,2,8,3,2016,0,3121.0,2428.0,2457.0,2479.0,2379.0,2363.6428571428573
2016-08-03,3139.0,32,0,2,3,8,3,2016,0,2577.0,2842.0,2843.0,3117.0,2400.285714285714,2367.1428571428573
2016-08-04,2435.0,17,0,3,4,8,3,2016,0,3139.0,2275.0,2365.0,2325.0,2442.714285714286,2367.9285714285716
2016-08-05,2845.0,24,0,4,5,8,3,2016,0,2435.0,2243.0,2755.0,2807.0,2465.5714285714284,2371.8571428571427
2016-08-06,2304.0,17,0,5,6,8,3,2016,1,2845.0,2697.0,2329.0,2196.0,2551.5714285714284,2373.214285714286
2016-08-07,917.0,18,0,6,7,8,3,2016,1,2304.0,1047.0,1150.0,1044.0,2495.4285714285716,2377.0714285714284
2016-08-08,2684.0,20,0,0,8,8,3,2016,0,917.0,3121.0,2285.0,2373.0,2476.8571428571427,2372.535714285714
2016-08-09,2486.0,27,0,1,9,8,3,2016,0,2684.0,2577.0,2428.0,2254.0,2414.4285714285716,2383.6428571428573
2016-08-10,2374.0,22,0,2,10,8,3,2016,0,2486.0,3139.0,2842.0,2955.0,2401.4285714285716,2391.9285714285716
2016-08-11,2511.0,20,0,3,11,8,3,2016,0,2374.0,2435.0,2275.0,2379.0,2292.1428571428573,2371.1785714285716
2016-08-12,1055.0,17,0,4,12,8,3,2016,0,2511.0,2845.0,2243.0,3094.0,2303.0,2375.8928571428573
2016-08-13,1621.0,18,0,5,13,8,3,2016,1,1055.0,2304.0,2697.0,2712.0,2047.2857142857142,2303.0714285714284
2016-08-14,728.0,14,0,6,14,8,3,2016,1,1621.0,917.0,1047.0,1070.0,1949.7142857142858,2264.1071428571427
2016-08-15,3181.0,24,0,0,15,8,3,2016,0,728.0,2684.0,3121.0,2540.0,1922.7142857142858,2251.8928571428573
2016-08-16,2436.0,22,0,1,16,8,3,2016,0,3181.0,2486.0,2577.0,2457.0,1993.7142857142858,2274.785714285714
2016-08-17,2422.0,24,0,2,17,8,3,2016,0,2436.0,2374.0,3139.0,2843.0,1986.5714285714287,2274.035714285714
2016-08-18,2201.0,20,0,3,18,8,3,2016,0,2422.0,2511.0,2435.0,2365.0,1993.4285714285713,2259.0
2016-08-19,2538.0,23,0,4,19,8,3,2016,0,2201.0,1055.0,2845.0,2755.0,1949.142857142857,2253.1428571428573
2016-08-20,2308.0,26,0,5,20,8,3,2016,1,2538.0,1621.0,2304.0,2329.0,2161.0,2245.3928571428573
2016-08-21,969.0,17,0,6,21,8,3,2016,1,2308.0,728.0,917.0,1150.0,2259.1428571428573,2244.6428571428573
2016-08-22,2360.0,21,0,0,22,8,3,2016,0,969.0,3181.0,2684.0,2285.0,2293.5714285714284,2238.1785714285716
2016-08-23,2545.0,29,0,1,23,8,3,2016,0,2360.0,2436.0,2486.0,2428.0,2176.285714285714,2240.8571428571427
2016-08-24,2886.0,32,0,2,24,8,3,2016,0,2545.0,2422.0,2374.0,2842.0,2191.8571428571427,2245.035714285714
2016-08-25,1999.0,21,0,3,25,8,3,2016,0,2886.0,2201.0,2511.0,2275.0,2258.1428571428573,2246.6071428571427
2016-08-26,2419.0,31,0,4,26,8,3,2016,0,1999.0,2538.0,1055.0,2243.0,2229.285714285714,2236.75
2016-08-27,2141.0,19,0,5,27,8,3,2016,1,2419.0,2308.0,1621.0,2697.0,2212.285714285714,2243.035714285714
2016-08-28,1045.0,20,0,6,28,8,3,2016,1,2141.0,969.0,728.0,1047.0,2188.4285714285716,2223.1785714285716
2016-08-29,2280.0,27,0,0,29,8,3,2016,0,1045.0,2360.0,3181.0,3121.0,2199.285714285714,2223.1071428571427
2016-08-30,2337.0,28,0,1,30,8,3,2016,0,2280.0,2545.0,2436.0,2577.0,2187.8571428571427,2193.0714285714284
2016-08-31,2903.0,32,0,2,31,8,3,2016,0,2337.0,2886.0,2422.0,3139.0,2158.1428571428573,2184.5
2016-09-01,2935.0,22,0,3,1,9,3,2016,0,2903.0,1999.0,2201.0,2435.0,2160.5714285714284,2176.0714285714284
2016-09-02,2798.0,18,0,4,2,9,3,2016,0,2935.0,2419.0,2538.0,2845.0,2294.285714285714,2193.9285714285716
2016-09-03,2534.0,21,0,5,3,9,3,2016,1,2798.0,2141.0,2308.0,2304.0,2348.4285714285716,2192.25
2016-09-04,1282.0,7,0,6,4,9,3,2016,1,2534.0,1045.0,969.0,917.0,2404.5714285714284,2200.464285714286
2016-09-05,2432.0,16,0,0,5,9,3,2016,0,1282.0,2280.0,2360.0,2684.0,2438.4285714285716,2213.5
2016-09-06,2943.0,17,0,1,6,9,3,2016,0,2432.0,2337.0,2545.0,2486.0,2460.1428571428573,2204.5
2016-09-07,2646.0,26,0,2,7,9,3,2016,0,2943.0,2903.0,2886.0,2374.0,2546.714285714286,2220.8214285714284
2016-09-08,2380.0,21,0,3,8,9,3,2016,0,2646.0,2935.0,1999.0,2511.0,2510.0,2230.535714285714
2016-09-09,2604.0,25,0,4,9,9,3,2016,0,2380.0,2798.0,2419.0,1055.0,2430.714285714286,2225.8571428571427
2016-09-10,2370.0,19,0,5,10,9,3,2016,1,2604.0,2534.0,2141.0,1621.0,2403.0,2281.1785714285716
2016-09-11,1059.0,11,0,6,11,9,3,2016,1,2370.0,1282.0,1045.0,728.0,2379.5714285714284,2307.9285714285716
2016-09-12,2664.0,18,0,0,12,9,3,2016,0,1059.0,2432.0,2280.0,3181.0,2347.714285714286,2319.75
2016-09-13,2623.0,0,0,1,13,9,3,2016,0,2664.0,2943.0,2337.0,2436.0,2380.8571428571427,2301.285714285714
2016-09-14,2597.0,23,0,2,14,9,3,2016,0,2623.0,2646.0,2903.0,2422.0,2335.1428571428573,2307.964285714286
2016-09-15,2290.0,28,0,3,15,9,3,2016,0,2597.0,2380.0,2935.0,2201.0,2328.1428571428573,2314.214285714286
2016-09-16,2625.0,28,0,4,16,9,3,2016,0,2290.0,2604.0,2798.0,2538.0,2315.285714285714,2317.3928571428573
2016-09-17,2645.0,27,0,5,17,9,3,2016,1,2625.0,2370.0,2534.0,2308.0,2318.285714285714,2320.5
2016-09-18,1200.0,16,0,6,18,9,3,2016,1,2645.0,1059.0,1282.0,969.0,2357.5714285714284,2332.535714285714
2016-09-19,2558.0,25,0,0,19,9,3,2016,0,1200.0,2664.0,2432.0,2360.0,2377.714285714286,2340.785714285714
2016-09-20,2492.0,28,0,1,20,9,3,2016,0,2558.0,2623.0,2943.0,2545.0,2362.5714285714284,2347.8571428571427
2016-09-21,2753.0,25,0,2,21,9,3,2016,0,2492.0,2597.0,2646.0,2886.0,2343.8571428571427,2345.964285714286
2016-09-22,2323.0,20,0,3,22,9,3,2016,0,2753.0,2290.0,2380.0,1999.0,2366.1428571428573,2341.214285714286
2016-09-23,2391.0,28,0,4,23,9,3,2016,0,2323.0,2625.0,2604.0,2419.0,2370.8571428571427,2352.785714285714
2016-09-24,2496.0,24,0,5,24,9,3,2016,1,2391.0,2645.0,2370.0,2141.0,2337.4285714285716,2351.785714285714
2016-09-25,1030.0,14,0,6,25,9,3,2016,1,2496.0,1200.0,1059.0,1045.0,2316.1428571428573,2364.464285714286
2016-09-26,2161.0,23,0,0,26,9,3,2016,0,1030.0,2558.0,2664.0,2280.0,2291.8571428571427,2363.9285714285716
2016-09-27,2255.0,25,0,1,27,9,3,2016,0,2161.0,2492.0,2623.0,2337.0,2235.1428571428573,2359.6785714285716
2016-09-28,2735.0,23,0,2,28,9,3,2016,0,2255.0,2753.0,2597.0,2903.0,2201.285714285714,2356.75
2016-09-29,2131.0,24,0,3,29,9,3,2016,0,2735.0,2323.0,2290.0,2935.0,2198.714285714286,2350.75
2016-09-30,2579.0,29,0,4,30,9,3,2016,0,2131.0,2391.0,2625.0,2798.0,2171.285714285714,2322.035714285714
2016-10-01,3369.0,25,0,5,1,10,4,2016,1,2579.0,2496.0,2645.0,2534.0,2198.1428571428573,2314.214285714286
2016-10-02,1532.0,16,0,6,2,10,4,2016,1,3369.0,1030.0,1200.0,1282.0,2322.8571428571427,2344.035714285714
2016-10-03,2982.0,26,0,0,3,10,4,2016,0,1532.0,2161.0,2558.0,2432.0,2394.5714285714284,2352.964285714286
2016-10-04,2750.0,27,0,1,4,10,4,2016,0,2982.0,2255.0,2492.0,2943.0,2511.8571428571427,2372.6071428571427
2016-10-05,3834.0,35,0,2,5,10,4,2016,0,2750.0,2735.0,2753.0,2646.0,2582.5714285714284,2365.714285714286
2016-10-06,2458.0,42,0,3,6,10,4,2016,0,3834.0,2131.0,2323.0,2380.0,2739.5714285714284,2408.1428571428573
2016-10-07,2592.0,45,0,4,7,10,4,2016,0,2458.0,2579.0,2391.0,2604.0,2786.285714285714,2410.9285714285716
2016-10-08,2615.0,40,0,5,8,10,4,2016,1,2592.0,3369.0,2496.0,2370.0,2788.1428571428573,2410.5
2016-10-09,1361.0,37,0,6,9,10,4,2016,1,2615.0,1532.0,1030.0,1059.0,2680.4285714285716,2419.25
2016-10-10,2535.0,47,0,0,10,10,4,2016,0,1361.0,2982.0,2161.0,2664.0,2656.0,2430.035714285714
2016-10-11,2390.0,44,0,1,11,10,4,2016,0,2535.0,2750.0,2255.0,2623.0,2592.1428571428573,2425.4285714285716
2016-10-12,2722.0,48,0,2,12,10,4,2016,0,2390.0,3834.0,2735.0,2597.0,2540.714285714286,2417.1071428571427
2016-10-13,2093.0,41,0,3,13,10,4,2016,0,2722.0,2458.0,2131.0,2290.0,2381.8571428571427,2421.5714285714284
2016-10-14,2637.0,53,0,4,14,10,4,2016,0,2093.0,2592.0,2579.0,2625.0,2329.714285714286,2414.535714285714
2016-10-15,2562.0,44,0,5,15,10,4,2016,1,2637.0,2615.0,3369.0,2645.0,2336.1428571428573,2414.964285714286
2016-10-16,1494.0,35,0,6,16,10,4,2016,1,2562.0,1361.0,1532.0,1200.0,2328.5714285714284,2412.0
2016-10-17,2605.0,47,0,0,17,10,4,2016,0,1494.0,2535.0,2982.0,2558.0,2347.5714285714284,2422.5
2016-10-18,2443.0,46,0,1,18,10,4,2016,0,2605.0,2390.0,2750.0,2492.0,2357.5714285714284,2424.1785714285716
2016-10-19,2788.0,51,0,2,19,10,4,2016,0,2443.0,2722.0,3834.0,2753.0,2365.1428571428573,2422.4285714285716
2016-10-20,2445.0,41,0,3,20,10,4,2016,0,2788.0,2093.0,2458.0,2323.0,2374.5714285714284,2423.6785714285716
2016-10-21,2438.0,47,0,4,21,10,4,2016,0,2445.0,2637.0,2592.0,2391.0,2424.8571428571427,2428.035714285714
2016-10-22,2755.0,43,0,5,22,10,4,2016,1,2438.0,2562.0,2615.0,2496.0,2396.4285714285716,2429.714285714286
2016-10-23,1360.0,29,0,6,23,10,4,2016,1,2755.0,1494.0,1361.0,1030.0,2424.0,2438.964285714286
2016-10-24,2455.0,41,0,0,24,10,4,2016,0,1360.0,2605.0,2535.0,2161.0,2404.8571428571427,2450.75
2016-10-25,2783.0,37,0,1,25,10,4,2016,0,2455.0,2443.0,2390.0,2255.0,2383.4285714285716,2461.25
2016-10-26,2785.0,97,0,2,26,10,4,2016,0,2783.0,2788.0,2722.0,2735.0,2432.0,2480.1071428571427
2016-10-27,2633.0,69,0,3,27,10,4,2016,0,2785.0,2445.0,2093.0,2131.0,2431.5714285714284,2481.8928571428573
2016-10-28,2854.0,73,0,4,28,10,4,2016,0,2633.0,2438.0,2637.0,2579.0,2458.4285714285716,2499.8214285714284
2016-10-29,2652.0,75,0,5,29,10,4,2016,1,2854.0,2755.0,2562.0,3369.0,2517.8571428571427,2509.6428571428573
2016-10-30,1364.0,57,0,6,30,10,4,2016,1,2652.0,1360.0,1494.0,1532.0,2503.1428571428573,2484.035714285714
2016-10-31,2332.0,72,0,0,31,10,4,2016,0,1364.0,2455.0,2605.0,2982.0,2503.714285714286,2478.035714285714
2016-11-01,4118.0,63,0,1,1,11,4,2016,0,2332.0,2783.0,2443.0,2750.0,2486.1428571428573,2454.8214285714284
2016-11-02,1074.0,59,0,2,2,11,4,2016,0,4118.0,2785.0,2788.0,3834.0,2676.8571428571427,2503.6785714285716
2016-11-03,888.0,48,0,3,3,11,4,2016,0,1074.0,2633.0,2445.0,2458.0,2432.4285714285716,2405.1071428571427
2016-11-04,1686.0,71,0,4,4,11,4,2016,0,888.0,2854.0,2438.0,2592.0,2183.1428571428573,2349.035714285714
2016-11-05,1860.0,63,0,5,5,11,4,2016,1,1686.0,2652.0,2755.0,2615.0,2016.2857142857142,2316.6785714285716
2016-11-06,1142.0,57,0,6,6,11,4,2016,1,1860.0,1364.0,1360.0,1361.0,1903.142857142857,2289.714285714286
2016-11-07,3004.0,71,0,0,7,11,4,2016,0,1142.0,2332.0,2455.0,2535.0,1871.4285714285713,2281.8928571428573
2016-11-08,2966.0,73,0,1,8,11,4,2016,0,3004.0,4118.0,2783.0,2390.0,1967.4285714285713,2298.6428571428573
2016-11-09,4669.0,94,0,2,9,11,4,2016,0,2966.0,1074.0,2785.0,2722.0,1802.857142857143,2319.214285714286
2016-11-10,2466.0,83,0,3,10,11,4,2016,0,4669.0,888.0,2633.0,2093.0,2316.4285714285716,2388.75
2016-11-11,2660.0,83,0,4,11,11,4,2016,0,2466.0,1686.0,2854.0,2637.0,2541.8571428571427,2402.0714285714284
2016-11-12,2753.0,75,0,5,12,11,4,2016,1,2660.0,1860.0,2652.0,2562.0,2681.0,2402.8928571428573
2016-11-13,1353.0,62,0,6,13,11,4,2016,1,2753.0,1142.0,1364.0,1494.0,2808.5714285714284,2409.714285714286
2016-11-14,3061.0,90,0,0,14,11,4,2016,0,1353.0,3004.0,2332.0,2605.0,2838.714285714286,2404.6785714285716
2016-11-15,2802.0,69,0,1,15,11,4,2016,0,3061.0,2966.0,4118.0,2443.0,2846.8571428571427,2420.964285714286
2016-11-16,2999.0,127,0,2,16,11,4,2016,0,2802.0,4669.0,1074.0,2788.0,2823.4285714285716,2433.785714285714
2016-11-17,2545.0,90,0,3,17,11,4,2016,0,2999.0,2466.0,888.0,2445.0,2584.8571428571427,2441.3214285714284
2016-11-18,2998.0,90,0,4,18,11,4,2016,0,2545.0,2660.0,1686.0,2438.0,2596.1428571428573,2444.8928571428573
2016-11-19,2850.0,92,0,5,19,11,4,2016,1,2998.0,2753.0,1860.0,2755.0,2644.4285714285716,2464.8928571428573
2016-11-20,1213.0,71,0,6,20,11,4,2016,1,2850.0,1353.0,1142.0,1360.0,2658.285714285714,2468.285714285714
2016-11-21,3097.0,92,0,0,21,11,4,2016,0,1213.0,3061.0,3004.0,2455.0,2638.285714285714,2463.035714285714
2016-11-22,2690.0,88,0,1,22,11,4,2016,0,3097.0,2802.0,2966.0,2783.0,2643.4285714285716,2485.964285714286
2016-11-23,3054.0,103,0,2,23,11,4,2016,0,2690.0,2999.0,4669.0,2785.0,2627.4285714285716,2482.6428571428573
2016-11-24,2410.0,91,0,3,24,11,4,2016,0,3054.0,2545.0,2466.0,2633.0,2635.285714285714,2492.25
2016-11-25,2652.0,90,0,4,25,11,4,2016,0,2410.0,2998.0,2660.0,2854.0,2616.0,2484.285714285714
2016-11-26,2550.0,90,0,5,26,11,4,2016,1,2652.0,2850.0,2753.0,2652.0,2566.5714285714284,2477.0714285714284
2016-11-27,1210.0,78,0,6,27,11,4,2016,1,2550.0,1213.0,1353.0,1364.0,2523.714285714286,2473.4285714285716
2016-11-28,3013.0,88,0,0,28,11,4,2016,0,1210.0,3097.0,3061.0,2332.0,2523.285714285714,2467.9285714285716
2016-11-29,2584.0,85,0,1,29,11,4,2016,0,3013.0,2690.0,2802.0,4118.0,2511.285714285714,2492.25
2016-11-30,3032.0,92,0,2,30,11,4,2016,0,2584.0,3054.0,2999.0,1074.0,2496.1428571428573,2437.464285714286
2016-12-01,2663.0,108,0,3,1,12,4,2016,0,3032.0,2410.0,2545.0,888.0,2493.0,2507.3928571428573
2016-12-02,4522.0,101,0,4,2,12,4,2016,0,2663.0,2652.0,2998.0,1686.0,2529.1428571428573,2570.785714285714
2016-12-03,2767.0,91,0,5,3,12,4,2016,1,4522.0,2550.0,2850.0,1860.0,2796.285714285714,2672.0714285714284
2016-12-04,1581.0,85,0,6,4,12,4,2016,1,2767.0,1210.0,1213.0,1142.0,2827.285714285714,2704.464285714286
2016-12-05,2852.0,93,0,0,5,12,4,2016,0,1581.0,3013.0,3097.0,3004.0,2880.285714285714,2720.1428571428573
2016-12-06,1177.0,78,0,1,6,12,4,2016,0,2852.0,2584.0,2690.0,2966.0,2857.285714285714,2714.714285714286
2016-12-07,3695.0,167,0,2,7,12,4,2016,0,1177.0,3032.0,3054.0,4669.0,2656.285714285714,2650.8214285714284
2016-12-08,3099.0,117,0,3,8,12,4,2016,0,3695.0,2663.0,2410.0,2466.0,2751.0,2616.035714285714
2016-12-09,4320.0,114,0,4,9,12,4,2016,0,3099.0,4522.0,2652.0,2660.0,2813.285714285714,2638.6428571428573
2016-12-10,2972.0,105,0,5,10,12,4,2016,1,4320.0,2767.0,2550.0,2753.0,2784.4285714285716,2697.9285714285716
2016-12-11,1417.0,92,0,6,11,12,4,2016,1,2972.0,1581.0,1210.0,1353.0,2813.714285714286,2705.75
2016-12-12,2991.0,114,0,0,12,12,4,2016,0,1417.0,2852.0,3013.0,3061.0,2790.285714285714,2708.035714285714
2016-12-13,4624.0,108,0,1,13,12,4,2016,0,2991.0,1177.0,2584.0,2802.0,2810.1428571428573,2705.535714285714
2016-12-14,4394.0,109,0,2,14,12,4,2016,0,4624.0,3695.0,3032.0,2999.0,3302.5714285714284,2770.6071428571427
2016-12-15,3410.0,109,0,3,15,12,4,2016,0,4394.0,3099.0,2663.0,2545.0,3402.4285714285716,2820.4285714285716
2016-12-16,3481.0,105,0,4,16,12,4,2016,0,3410.0,4320.0,4522.0,2998.0,3446.8571428571427,2851.3214285714284
2016-12-17,3451.0,113,0,5,17,12,4,2016,1,3481.0,2972.0,2767.0,2850.0,3327.0,2868.5714285714284
2016-12-18,2044.0,104,0,6,18,12,4,2016,1,3451.0,1417.0,1581.0,1213.0,3395.4285714285716,2890.035714285714
2016-12-19,3872.0,118,0,0,19,12,4,2016,0,2044.0,2991.0,2852.0,3097.0,3485.0,2919.714285714286
2016-12-20,4080.0,123,0,1,20,12,4,2016,0,3872.0,4624.0,1177.0,2690.0,3610.8571428571427,2947.3928571428573
2016-12-21,5162.0,116,0,2,21,12,4,2016,0,4080.0,4394.0,3695.0,3054.0,3533.1428571428573,2997.035714285714
2016-12-22,5055.0,116,0,3,22,12,4,2016,0,5162.0,3410.0,3099.0,2410.0,3642.8571428571427,3072.3214285714284
2016-12-23,5386.0,125,0,4,23,12,4,2016,0,5055.0,3481.0,4320.0,2652.0,3877.8571428571427,3166.785714285714
2016-12-24,3609.0,103,0,5,24,12,4,2016,1,5386.0,3451.0,2972.0,2550.0,4150.0,3264.4285714285716
2016-12-25,0.0,0,1,6,25,12,4,2016,1,3609.0,2044.0,1417.0,1210.0,4172.571428571428,3302.25
2016-12-26,904.0,80,0,0,26,12,4,2016,0,0.0,3872.0,2991.0,3013.0,3880.5714285714284,3259.035714285714
2016-12-27,3156.0,101,0,1,27,12,4,2016,0,904.0,4080.0,4624.0,2584.0,3456.5714285714284,3183.714285714286
2016-12-28,2761.0,105,0,2,28,12,4,2016,0,3156.0,5162.0,4394.0,3032.0,3324.5714285714284,3204.1428571428573
2016-12-29,2573.0,101,0,3,29,12,4,2016,0,2761.0,5055.0,3410.0,2663.0,2981.5714285714284,3194.464285714286
2016-12-30,3292.0,103,0,4,30,12,4,2016,0,2573.0,5386.0,3481.0,4522.0,2627.0,3191.25
2016-12-31,2768.0,107,0,5,31,12,4,2016,1,3292.0,3609.0,3451.0,2767.0,2327.8571428571427,3147.3214285714284
2017-01-01,0.0,0,0,6,1,1,1,2017,1,2768.0,0.0,2044.0,1581.0,2207.714285714286,3147.3571428571427
2017-01-02,1218.0,55,0,0,2,1,1,2017,0,0.0,904.0,3872.0,2852.0,2207.714285714286,3090.8928571428573
2017-01-03,3507.0,78,0,1,3,1,1,2017,0,1218.0,3156.0,4080.0,1177.0,2252.5714285714284,3032.535714285714
2017-01-04,3665.0,109,0,2,4,1,1,2017,0,3507.0,2761.0,5162.0,3695.0,2302.714285714286,3115.75
2017-01-05,3085.0,49,0,3,5,1,1,2017,0,3665.0,2573.0,5055.0,3099.0,2431.8571428571427,3114.6785714285716
2017-01-06,3012.0,62,0,4,6,1,1,2017,0,3085.0,3292.0,5386.0,4320.0,2505.0,3114.1785714285716
2017-01-07,2898.0,49,0,5,7,1,1,2017,1,3012.0,2768.0,3609.0,2972.0,2465.0,3067.464285714286
2017-01-08,1426.0,43,0,6,8,1,1,2017,1,2898.0,0.0,0.0,1417.0,2483.5714285714284,3064.8214285714284
2017-01-09,2850.0,50,0,0,9,1,1,2017,0,1426.0,1218.0,904.0,2991.0,2687.285714285714,3065.1428571428573
2017-01-10,2939.0,52,0,1,10,1,1,2017,0,2850.0,3507.0,3156.0,4624.0,2920.4285714285716,3060.1071428571427
2017-01-11,3265.0,48,0,2,11,1,1,2017,0,2939.0,3665.0,2761.0,4394.0,2839.285714285714,2999.9285714285716
2017-01-12,2736.0,51,0,3,12,1,1,2017,0,3265.0,3085.0,2573.0,3410.0,2782.1428571428573,2959.6071428571427
2017-01-13,3014.0,65,0,4,13,1,1,2017,0,2736.0,3012.0,3292.0,3481.0,2732.285714285714,2935.535714285714
2017-01-14,2905.0,54,0,5,14,1,1,2017,1,3014.0,2898.0,2768.0,3451.0,2732.5714285714284,2918.8571428571427
2017-01-15,1410.0,50,0,6,15,1,1,2017,1,2905.0,1426.0,0.0,2044.0,2733.5714285714284,2899.3571428571427
2017-01-16,2719.0,49,0,0,16,1,1,2017,0,1410.0,2850.0,1218.0,3872.0,2731.285714285714,2876.714285714286
2017-01-17,3896.0,63,0,1,17,1,1,2017,0,2719.0,2939.0,3507.0,4080.0,2712.5714285714284,2835.535714285714
2017-01-18,3068.0,59,0,2,18,1,1,2017,0,3896.0,3265.0,3665.0,5162.0,2849.285714285714,2828.964285714286
2017-01-19,2395.0,48,0,3,19,1,1,2017,0,3068.0,2736.0,3085.0,5055.0,2821.1428571428573,2754.1785714285716
2017-01-20,2523.0,48,0,4,20,1,1,2017,0,2395.0,3014.0,3012.0,5386.0,2772.4285714285716,2659.1785714285716
2017-01-21,3212.0,51,0,5,21,1,1,2017,1,2523.0,2905.0,2898.0,3609.0,2702.285714285714,2556.9285714285716
2017-01-22,1190.0,33,0,6,22,1,1,2017,1,3212.0,1410.0,1426.0,0.0,2746.1428571428573,2542.75
2017-01-23,3208.0,49,0,0,23,1,1,2017,0,1190.0,2719.0,2850.0,904.0,2714.714285714286,2585.25
2017-01-24,2657.0,56,0,1,24,1,1,2017,0,3208.0,3896.0,2939.0,3156.0,2784.5714285714284,2667.535714285714
2017-01-25,2830.0,56,0,2,25,1,1,2017,0,2657.0,3068.0,3265.0,2761.0,2607.5714285714284,2649.714285714286
2017-01-26,2524.0,23,0,3,26,1,1,2017,0,2830.0,2395.0,2736.0,2573.0,2573.5714285714284,2652.1785714285716
2017-01-27,3039.0,31,0,4,27,1,1,2017,0,2524.0,2523.0,3014.0,3292.0,2592.0,2650.4285714285716
2017-01-28,2792.0,29,0,5,28,1,1,2017,1,3039.0,3212.0,2905.0,2768.0,2665.714285714286,2641.3928571428573
2017-01-29,1354.0,23,0,6,29,1,1,2017,1,2792.0,1190.0,1410.0,0.0,2605.714285714286,2642.25
2017-01-30,2792.0,27,0,0,30,1,1,2017,0,1354.0,3208.0,2719.0,1218.0,2629.1428571428573,2690.6071428571427
2017-01-31,2463.0,32,0,1,31,1,1,2017,0,2792.0,2657.0,3896.0,3507.0,2569.714285714286,2746.8214285714284
2017-02-01,3307.0,57,0,2,1,2,1,2017,0,2463.0,2830.0,3068.0,3665.0,2542.0,2709.535714285714
2017-02-02,2807.0,27,0,3,2,2,1,2017,0,3307.0,2524.0,2395.0,3085.0,2610.1428571428573,2696.75
2017-02-03,3091.0,35,0,4,3,2,1,2017,0,2807.0,3039.0,2523.0,3012.0,2650.5714285714284,2686.8214285714284
2017-02-04,3198.0,44,0,5,4,2,1,2017,1,3091.0,2792.0,3212.0,2898.0,2658.0,2689.6428571428573
2017-02-05,1256.0,45,0,6,5,2,1,2017,1,3198.0,1354.0,1190.0,1426.0,2716.0,2700.3571428571427
2017-02-06,2561.0,37,0,0,6,2,1,2017,0,1256.0,2792.0,3208.0,2850.0,2702.0,2694.285714285714
2017-02-07,2842.0,49,0,1,7,2,1,2017,0,2561.0,2463.0,2657.0,2939.0,2669.0,2683.964285714286
2017-02-08,2993.0,68,0,2,8,2,1,2017,0,2842.0,3307.0,2830.0,3265.0,2723.1428571428573,2680.5
2017-02-09,2638.0,35,0,3,9,2,1,2017,0,2993.0,2807.0,2524.0,2736.0,2678.285714285714,2670.785714285714
2017-02-10,3484.0,39,0,4,10,2,1,2017,0,2638.0,3091.0,3039.0,3014.0,2654.1428571428573,2667.285714285714
2017-02-11,2885.0,41,0,5,11,2,1,2017,1,3484.0,3198.0,2792.0,2905.0,2710.285714285714,2684.0714285714284
2017-02-12,1210.0,30,0,6,12,2,1,2017,1,2885.0,1256.0,1354.0,1410.0,2665.5714285714284,2683.3571428571427
2017-02-13,3257.0,37,0,0,13,2,1,2017,0,1210.0,2561.0,2792.0,2719.0,2659.0,2676.214285714286
2017-02-14,2848.0,26,0,1,14,2,1,2017,0,3257.0,2842.0,2463.0,3896.0,2758.4285714285716,2695.4285714285716
2017-02-15,2740.0,51,0,2,15,2,1,2017,0,2848.0,2993.0,3307.0,3068.0,2759.285714285714,2658.0
2017-02-16,2643.0,53,0,3,16,2,1,2017,0,2740.0,2638.0,2807.0,2395.0,2723.1428571428573,2646.285714285714
2017-02-17,2946.0,53,0,4,17,2,1,2017,0,2643.0,3484.0,3091.0,2523.0,2723.8571428571427,2655.1428571428573
2017-02-18,3462.0,54,0,5,18,2,1,2017,1,2946.0,2885.0,3198.0,3212.0,2647.0,2670.25
2017-02-19,1079.0,37,0,6,19,2,1,2017,1,3462.0,1210.0,1256.0,1190.0,2729.4285714285716,2679.1785714285716
2017-02-20,2697.0,54,0,0,20,2,1,2017,0,1079.0,3257.0,2561.0,3208.0,2710.714285714286,2675.214285714286
2017-02-21,2831.0,57,0,1,21,2,1,2017,0,2697.0,2848.0,2842.0,2657.0,2630.714285714286,2656.964285714286
2017-02-22,3362.0,69,0,2,22,2,1,2017,0,2831.0,2740.0,2993.0,2830.0,2628.285714285714,2663.1785714285716
2017-02-23,2983.0,69,0,3,23,2,1,2017,0,3362.0,2643.0,2638.0,2524.0,2717.1428571428573,2682.1785714285716
2017-02-24,3120.0,66,0,4,24,2,1,2017,0,2983.0,2946.0,3484.0,3039.0,2765.714285714286,2698.5714285714284
2017-02-25,2741.0,67,0,5,25,2,1,2017,1,3120.0,3462.0,2885.0,2792.0,2790.5714285714284,2701.464285714286
2017-02-26,927.0,50,0,6,26,2,1,2017,1,2741.0,1079.0,1210.0,1354.0,2687.5714285714284,2699.6428571428573
2017-02-27,762.0,52,0,0,27,2,1,2017,0,927.0,2697.0,3257.0,2792.0,2665.8571428571427,2684.3928571428573
2017-02-28,1392.0,53,0,1,28,2,1,2017,0,762.0,2831.0,2848.0,2463.0,2389.4285714285716,2611.8928571428573
2017-03-01,3628.0,71,0,2,1,3,1,2017,0,1392.0,3362.0,2740.0,3307.0,2183.8571428571427,2573.6428571428573
2017-03-02,3323.0,52,0,3,2,3,1,2017,0,3628.0,2983.0,2643.0,2807.0,2221.8571428571427,2585.1071428571427
2017-03-03,3391.0,56,0,4,3,3,1,2017,0,3323.0,3120.0,2946.0,3091.0,2270.4285714285716,2603.535714285714
2017-03-04,3002.0,55,0,5,4,3,1,2017,1,3391.0,2741.0,3462.0,3198.0,2309.1428571428573,2614.25
2017-03-05,1337.0,41,0,6,5,3,1,2017,1,3002.0,927.0,1079.0,1256.0,2346.4285714285716,2607.25
2017-03-06,2819.0,39,0,0,6,3,1,2017,0,1337.0,762.0,2697.0,2561.0,2405.0,2610.1428571428573
2017-03-07,4917.0,41,0,1,7,3,1,2017,0,2819.0,1392.0,2831.0,2842.0,2698.8571428571427,2619.3571428571427
2017-03-08,3218.0,40,0,2,8,3,1,2017,0,4917.0,3628.0,3362.0,2993.0,3202.4285714285716,2693.464285714286
2017-03-09,2700.0,28,0,3,9,3,1,2017,0,3218.0,3323.0,2983.0,2638.0,3143.8571428571427,2701.5
2017-03-10,2966.0,28,0,4,10,3,1,2017,0,2700.0,3391.0,3120.0,3484.0,3054.8571428571427,2703.714285714286
2017-03-11,3023.0,21,0,5,11,3,1,2017,1,2966.0,3002.0,2741.0,2885.0,2994.1428571428573,2685.214285714286
2017-03-12,1438.0,21,0,6,12,3,1,2017,1,3023.0,1337.0,927.0,1210.0,2997.1428571428573,2690.1428571428573
2017-03-13,2858.0,22,0,0,13,3,1,2017,0,1438.0,2819.0,762.0,3257.0,3011.5714285714284,2698.285714285714
2017-03-14,2775.0,22,0,1,14,3,1,2017,0,2858.0,4917.0,1392.0,2848.0,3017.1428571428573,2684.035714285714
2017-03-15,3097.0,26,0,2,15,3,1,2017,0,2775.0,3218.0,3628.0,2740.0,2711.1428571428573,2681.4285714285716
2017-03-16,2933.0,22,0,3,16,3,1,2017,0,3097.0,2700.0,3323.0,2643.0,2693.8571428571427,2694.1785714285716
2017-03-17,3456.0,20,0,4,17,3,1,2017,0,2933.0,2966.0,3391.0,2946.0,2727.1428571428573,2704.535714285714
2017-03-18,3015.0,20,0,5,18,3,1,2017,1,3456.0,3023.0,3002.0,3462.0,2797.1428571428573,2722.75
2017-03-19,1458.0,19,0,6,19,3,1,2017,1,3015.0,1438.0,1337.0,1079.0,2796.0,2706.785714285714
2017-03-20,3157.0,19,0,0,20,3,1,2017,0,1458.0,2858.0,2819.0,2697.0,2798.8571428571427,2720.3214285714284
2017-03-21,3562.0,21,0,1,21,3,1,2017,0,3157.0,2775.0,4917.0,2831.0,2841.5714285714284,2736.75
2017-03-22,3074.0,27,0,2,22,3,1,2017,0,3562.0,3097.0,3218.0,3362.0,2954.0,2762.8571428571427
2017-03-23,2728.0,22,0,3,23,3,1,2017,0,3074.0,2933.0,2700.0,2983.0,2950.714285714286,2752.5714285714284
2017-03-24,3321.0,24,0,4,24,3,1,2017,0,2728.0,3456.0,2966.0,3120.0,2921.4285714285716,2743.464285714286
2017-03-25,2853.0,25,0,5,25,3,1,2017,1,3321.0,3015.0,3023.0,2741.0,2902.1428571428573,2750.6428571428573
2017-03-26,1330.0,18,0,6,26,3,1,2017,1,2853.0,1458.0,1438.0,927.0,2879.0,2754.6428571428573
2017-03-27,2830.0,22,0,0,27,3,1,2017,0,1330.0,3157.0,2858.0,762.0,2860.714285714286,2769.035714285714
2017-03-28,2937.0,20,0,1,28,3,1,2017,0,2830.0,3562.0,2775.0,1392.0,2814.0,2842.8928571428573
2017-03-29,3104.0,29,0,2,29,3,1,2017,0,2937.0,3074.0,3097.0,3628.0,2724.714285714286,2898.0714285714284
2017-03-30,2557.0,34,0,3,30,3,1,2017,0,3104.0,2728.0,2933.0,3323.0,2729.0,2879.3571428571427
2017-03-31,3185.0,38,0,4,31,3,1,2017,0,2557.0,3321.0,3456.0,3391.0,2704.5714285714284,2852.0
2017-04-01,3912.0,39,0,5,1,4,2,2017,1,3185.0,2853.0,3015.0,3002.0,2685.1428571428573,2844.6428571428573
2017-04-02,1482.0,25,0,6,2,4,2,2017,1,3912.0,1330.0,1458.0,1337.0,2836.4285714285716,2877.1428571428573
2017-04-03,2886.0,32,0,0,3,4,2,2017,0,1482.0,2830.0,3157.0,2819.0,2858.1428571428573,2882.3214285714284
2017-04-04,2785.0,31,0,1,4,4,2,2017,0,2886.0,2937.0,3562.0,4917.0,2866.1428571428573,2884.714285714286
2017-04-05,3492.0,43,0,2,5,4,2,2017,0,2785.0,3104.0,3074.0,3218.0,2844.4285714285716,2808.5714285714284
2017-04-06,2461.0,43,0,3,6,4,2,2017,0,3492.0,2557.0,2728.0,2700.0,2899.8571428571427,2818.3571428571427
2017-04-07,3054.0,42,0,4,7,4,2,2017,0,2461.0,3185.0,3321.0,2966.0,2886.1428571428573,2809.8214285714284
2017-04-08,3174.0,45,0,5,8,4,2,2017,1,3054.0,3912.0,2853.0,3023.0,2867.4285714285716,2812.964285714286
2017-04-09,1394.0,28,0,6,9,4,2,2017,1,3174.0,1482.0,1330.0,1438.0,2762.0,2818.3571428571427
2017-04-10,2437.0,42,0,0,10,4,2,2017,0,1394.0,2886.0,2830.0,2858.0,2749.4285714285716,2816.785714285714
2017-04-11,2674.0,48,0,1,11,4,2,2017,0,2437.0,2785.0,2937.0,2775.0,2685.285714285714,2801.75
2017-04-12,3374.0,76,0,2,12,4,2,2017,0,2674.0,3492.0,3104.0,3097.0,2669.4285714285716,2798.1428571428573
2017-04-13,2931.0,67,0,3,13,4,2,2017,0,3374.0,2461.0,2557.0,2933.0,2652.5714285714284,2808.035714285714
2017-04-14,790.0,38,0,4,14,4,2,2017,0,2931.0,3054.0,3185.0,3456.0,2719.714285714286,2807.964285714286
2017-04-15,2030.0,54,0,5,15,4,2,2017,1,790.0,3174.0,3912.0,3015.0,2396.285714285714,2712.75
2017-04-16,1185.0,60,0,6,16,4,2,2017,1,2030.0,1394.0,1482.0,1458.0,2232.8571428571427,2677.5714285714284
2017-04-17,3641.0,73,0,0,17,4,2,2017,0,1185.0,2437.0,2886.0,3157.0,2203.0,2667.8214285714284
2017-04-18,2579.0,65,0,1,18,4,2,2017,0,3641.0,2674.0,2785.0,3562.0,2375.0,2685.1071428571427
2017-04-19,2972.0,95,0,2,19,4,2,2017,0,2579.0,3374.0,3492.0,3074.0,2361.4285714285716,2650.0
2017-04-20,2546.0,72,0,3,20,4,2,2017,0,2972.0,2931.0,2461.0,2728.0,2304.0,2646.3571428571427
2017-04-21,3112.0,75,0,4,21,4,2,2017,0,2546.0,790.0,3054.0,3321.0,2249.0,2639.8571428571427
2017-04-22,2824.0,69,0,5,22,4,2,2017,1,3112.0,2030.0,3174.0,2853.0,2580.714285714286,2632.3928571428573
2017-04-23,1163.0,54,0,6,23,4,2,2017,1,2824.0,1185.0,1394.0,1330.0,2694.1428571428573,2631.3571428571427
2017-04-24,2540.0,75,0,0,24,4,2,2017,0,1163.0,3641.0,2437.0,2830.0,2691.0,2625.3928571428573
2017-04-25,2817.0,71,0,1,25,4,2,2017,0,2540.0,2579.0,2674.0,2937.0,2533.714285714286,2615.035714285714
2017-04-26,2868.0,75,0,2,26,4,2,2017,0,2817.0,2972.0,3374.0,3104.0,2567.714285714286,2610.75
2017-04-27,2301.0,72,0,3,27,4,2,2017,0,2868.0,2546.0,2931.0,2557.0,2552.8571428571427,2602.3214285714284
2017-04-28,2876.0,90,0,4,28,4,2,2017,0,2301.0,3112.0,790.0,3185.0,2517.8571428571427,2593.1785714285716
2017-04-29,2426.0,74,0,5,29,4,2,2017,1,2876.0,2824.0,2030.0,3912.0,2484.1428571428573,2582.1428571428573
2017-04-30,886.0,57,0,6,30,4,2,2017,1,2426.0,1163.0,1185.0,1482.0,2427.285714285714,2529.0714285714284
2017-05-01,891.0,38,0,0,1,5,2,2017,0,886.0,2540.0,3641.0,2886.0,2387.714285714286,2507.785714285714
2017-05-02,4193.0,61,0,1,2,5,2,2017,0,891.0,2817.0,2579.0,2785.0,2152.1428571428573,2436.535714285714
2017-05-03,3777.0,79,0,2,3,5,2,2017,0,4193.0,2868.0,2972.0,3492.0,2348.714285714286,2486.8214285714284
2017-05-04,2800.0,51,0,3,4,5,2,2017,0,3777.0,2301.0,2546.0,2461.0,2478.5714285714284,2497.0
2017-05-05,2991.0,54,0,4,5,5,2,2017,0,2800.0,2876.0,3112.0,3054.0,2549.8571428571427,2509.1071428571427
2017-05-06,2752.0,52,0,5,6,5,2,2017,1,2991.0,2426.0,2824.0,3174.0,2566.285714285714,2506.8571428571427
2017-05-07,1103.0,33,0,6,7,5,2,2017,1,2752.0,886.0,1163.0,1394.0,2612.8571428571427,2491.785714285714
2017-05-08,2854.0,40,0,0,8,5,2,2017,0,1103.0,891.0,2540.0,2437.0,2643.8571428571427,2481.3928571428573
2017-05-09,2763.0,52,0,1,9,5,2,2017,0,2854.0,4193.0,2817.0,2674.0,2924.285714285714,2496.285714285714
2017-05-10,2925.0,75,0,2,10,5,2,2017,0,2763.0,3777.0,2868.0,3374.0,2720.0,2499.464285714286
2017-05-11,2233.0,38,0,3,11,5,2,2017,0,2925.0,2800.0,2301.0,2931.0,2598.285714285714,2483.4285714285716
2017-05-12,3532.0,39,0,4,12,5,2,2017,0,2233.0,2991.0,2876.0,790.0,2517.285714285714,2458.5
2017-05-13,2931.0,43,0,5,13,5,2,2017,1,3532.0,2752.0,2426.0,2030.0,2594.5714285714284,2556.4285714285716
2017-05-14,931.0,23,0,6,14,5,2,2017,1,2931.0,1103.0,886.0,1185.0,2620.1428571428573,2588.6071428571427
2017-05-15,2531.0,43,0,0,15,5,2,2017,0,931.0,2854.0,891.0,3641.0,2595.5714285714284,2579.535714285714
2017-05-16,2822.0,47,0,1,16,5,2,2017,0,2531.0,2763.0,4193.0,2579.0,2549.4285714285716,2539.8928571428573
2017-05-17,3131.0,40,0,2,17,5,2,2017,0,2822.0,2925.0,3777.0,2972.0,2557.8571428571427,2548.5714285714284
2017-05-18,2600.0,38,0,3,18,5,2,2017,0,3131.0,2233.0,2800.0,2546.0,2587.285714285714,2554.25
2017-05-19,3077.0,36,0,4,19,5,2,2017,0,2600.0,3532.0,2991.0,3112.0,2639.714285714286,2556.1785714285716
2017-05-20,2573.0,43,0,5,20,5,2,2017,1,3077.0,2931.0,2752.0,2824.0,2574.714285714286,2554.9285714285716
2017-05-21,1205.0,32,0,6,21,5,2,2017,1,2573.0,931.0,1103.0,1163.0,2523.5714285714284,2545.964285714286
2017-05-22,2842.0,39,0,0,22,5,2,2017,0,1205.0,2531.0,2854.0,2540.0,2562.714285714286,2547.464285714286
2017-05-23,2665.0,41,0,1,23,5,2,2017,0,2842.0,2822.0,2763.0,2817.0,2607.1428571428573,2558.25
2017-05-24,3574.0,46,0,2,24,5,2,2017,0,2665.0,3131.0,2925.0,2868.0,2584.714285714286,2552.8214285714284
2017-05-25,2505.0,40,0,3,25,5,2,2017,0,3574.0,2600.0,2233.0,2301.0,2648.0,2578.035714285714
2017-05-26,1301.0,31,0,4,26,5,2,2017,0,2505.0,3077.0,3532.0,2876.0,2634.4285714285716,2585.3214285714284
2017-05-27,2166.0,33,0,5,27,5,2,2017,1,1301.0,2573.0,2931.0,2426.0,2380.714285714286,2529.0714285714284
2017-05-28,1258.0,34,0,6,28,5,2,2017,1,2166.0,1205.0,931.0,886.0,2322.5714285714284,2519.785714285714
2017-05-29,2666.0,39,0,0,29,5,2,2017,0,1258.0,2842.0,2531.0,891.0,2330.1428571428573,2533.0714285714284
2017-05-30,2497.0,39,0,1,30,5,2,2017,0,2666.0,2665.0,2822.0,4193.0,2305.0,2596.464285714286
2017-05-31,3262.0,38,0,2,31,5,2,2017,0,2497.0,3574.0,3131.0,3777.0,2281.0,2535.8928571428573
2017-06-01,2774.0,1,0,3,1,6,2,2017,0,3262.0,2505.0,2600.0,2800.0,2236.4285714285716,2517.5
2017-06-02,2953.0,33,0,4,2,6,2,2017,0,2774.0,1301.0,3077.0,2991.0,2274.8571428571427,2516.5714285714284
2017-06-03,2996.0,35,0,5,3,6,2,2017,1,2953.0,2166.0,2573.0,2752.0,2510.8571428571427,2515.214285714286
2017-06-04,1148.0,22,0,6,4,6,2,2017,1,2996.0,1258.0,1205.0,1103.0,2629.4285714285716,2523.9285714285716
2017-06-05,3071.0,36,0,0,5,6,2,2017,0,1148.0,2666.0,2842.0,2854.0,2613.714285714286,2525.535714285714
2017-06-06,3383.0,37,0,1,6,6,2,2017,0,3071.0,2497.0,2665.0,2763.0,2671.5714285714284,2533.285714285714
2017-06-07,3353.0,55,0,2,7,6,2,2017,0,3383.0,3262.0,3574.0,2925.0,2798.1428571428573,2555.4285714285716
2017-06-08,2902.0,51,0,3,8,6,2,2017,0,3353.0,2774.0,2505.0,2233.0,2811.1428571428573,2570.714285714286
2017-06-09,3105.0,44,0,4,9,6,2,2017,0,2902.0,2953.0,1301.0,3532.0,2829.4285714285716,2594.6071428571427
2017-06-10,3106.0,51,0,5,10,6,2,2017,1,3105.0,2996.0,2166.0,2931.0,2851.1428571428573,2579.3571428571427
2017-06-11,1352.0,38,0,6,11,6,2,2017,1,3106.0,1148.0,1258.0,931.0,2866.8571428571427,2585.6071428571427
2017-06-12,2601.0,45,0,0,12,6,2,2017,0,1352.0,3071.0,2666.0,2531.0,2896.0,2600.6428571428573
2017-06-13,2426.0,44,0,1,13,6,2,2017,0,2601.0,3383.0,2497.0,2822.0,2828.8571428571427,2603.1428571428573
2017-06-14,4411.0,65,0,2,14,6,2,2017,0,2426.0,3353.0,3262.0,3131.0,2692.1428571428573,2589.0
2017-06-15,3189.0,63,0,3,15,6,2,2017,0,4411.0,2902.0,2774.0,2600.0,2843.285714285714,2634.714285714286
2017-06-16,2991.0,53,0,4,16,6,2,2017,0,3189.0,3105.0,2953.0,3077.0,2884.285714285714,2655.75
2017-06-17,3016.0,49,0,5,17,6,2,2017,1,2991.0,3106.0,2996.0,2573.0,2868.0,2652.6785714285716
2017-06-18,1223.0,40,0,6,18,6,2,2017,1,3016.0,1352.0,1148.0,1205.0,2855.1428571428573,2668.5
2017-06-19,3373.0,47,0,0,19,6,2,2017,0,1223.0,2601.0,3071.0,2842.0,2836.714285714286,2669.1428571428573
2017-06-20,4575.0,48,0,1,20,6,2,2017,0,3373.0,2426.0,3383.0,2665.0,2947.0,2688.1071428571427
2017-06-21,2898.0,80,0,2,21,6,2,2017,0,4575.0,4411.0,3353.0,3574.0,3254.0,2756.3214285714284
2017-06-22,2499.0,56,0,3,22,6,2,2017,0,2898.0,3189.0,2902.0,2505.0,3037.8571428571427,2732.1785714285716
2017-06-23,2663.0,57,0,4,23,6,2,2017,0,2499.0,2991.0,3105.0,1301.0,2939.285714285714,2731.964285714286
2017-06-24,2877.0,55,0,5,24,6,2,2017,1,2663.0,3016.0,3106.0,2166.0,2892.4285714285716,2780.6071428571427
2017-06-25,1264.0,48,0,6,25,6,2,2017,1,2877.0,1223.0,1352.0,1258.0,2872.5714285714284,2806.0
2017-06-26,2812.0,45,0,0,26,6,2,2017,0,1264.0,3373.0,2601.0,2666.0,2878.4285714285716,2806.214285714286
2017-06-27,2653.0,46,0,1,27,6,2,2017,0,2812.0,4575.0,2426.0,2497.0,2798.285714285714,2811.4285714285716
2017-06-28,3003.0,53,0,2,28,6,2,2017,0,2653.0,2898.0,4411.0,3262.0,2523.714285714286,2817.0
2017-06-29,2603.0,59,0,3,29,6,2,2017,0,3003.0,2499.0,3189.0,2774.0,2538.714285714286,2807.75
2017-06-30,2916.0,70,0,4,30,6,2,2017,0,2603.0,2663.0,2991.0,2953.0,2553.5714285714284,2801.6428571428573
2017-07-01,2871.0,56,0,5,1,7,3,2017,1,2916.0,2877.0,3016.0,2996.0,2589.714285714286,2800.3214285714284
2017-07-02,1222.0,54,0,6,2,7,3,2017,1,2871.0,1264.0,1223.0,1148.0,2588.8571428571427,2795.8571428571427
2017-07-03,2952.0,56,0,0,3,7,3,2017,0,1222.0,2812.0,3373.0,3071.0,2582.8571428571427,2798.5
2017-07-04,2759.0,60,0,1,4,7,3,2017,0,2952.0,2653.0,4575.0,3383.0,2602.8571428571427,2794.25
2017-07-05,3147.0,80,0,2,5,7,3,2017,0,2759.0,3003.0,2898.0,3353.0,2618.0,2771.964285714286
2017-07-06,2550.0,58,0,3,6,7,3,2017,0,3147.0,2603.0,2499.0,2902.0,2638.5714285714284,2764.6071428571427
2017-07-07,2972.0,47,0,4,7,7,3,2017,0,2550.0,2916.0,2663.0,3105.0,2631.0,2752.035714285714
2017-07-08,2561.0,45,0,5,8,7,3,2017,1,2972.0,2871.0,2877.0,3106.0,2639.0,2747.285714285714
2017-07-09,1140.0,27,0,6,9,7,3,2017,1,2561.0,1222.0,1264.0,1352.0,2594.714285714286,2727.8214285714284
2017-07-10,2849.0,46,0,0,10,7,3,2017,0,1140.0,2952.0,2812.0,2601.0,2583.0,2720.25
2017-07-11,2712.0,47,0,1,11,7,3,2017,0,2849.0,2759.0,2653.0,2426.0,2568.285714285714,2729.1071428571427
2017-07-12,3185.0,59,0,2,12,7,3,2017,0,2712.0,3147.0,3003.0,4411.0,2561.5714285714284,2739.3214285714284
2017-07-13,2571.0,47,0,3,13,7,3,2017,0,3185.0,2550.0,2603.0,3189.0,2567.0,2695.535714285714
2017-07-14,3182.0,58,0,4,14,7,3,2017,0,2571.0,2972.0,2916.0,2991.0,2570.0,2673.464285714286
2017-07-15,2297.0,43,0,5,15,7,3,2017,1,3182.0,2561.0,2871.0,3016.0,2600.0,2680.285714285714
2017-07-16,1028.0,39,0,6,16,7,3,2017,1,2297.0,1140.0,1222.0,1223.0,2562.285714285714,2654.6071428571427
2017-07-17,2720.0,52,0,0,17,7,3,2017,0,1028.0,2849.0,2952.0,3373.0,2546.285714285714,2647.6428571428573
2017-07-18,3370.0,54,0,1,18,7,3,2017,0,2720.0,2712.0,2759.0,4575.0,2527.8571428571427,2624.3214285714284
2017-07-19,3065.0,76,0,2,19,7,3,2017,0,3370.0,3185.0,3147.0,2898.0,2621.8571428571427,2581.285714285714
2017-07-20,2592.0,64,0,3,20,7,3,2017,0,,,,2499.0,,
2017-07-21,2725.0,61,0,4,21,7,3,2017,0,,,,2663.0,,
2017-07-22,2576.0,65,0,5,22,7,3,2017,1,,,,2877.0,,
2017-07-23,1371.0,45,0,6,23,7,3,2017,1,,,,1264.0,,
2017-07-24,2612.0,55,0,0,24,7,3,2017,0,,,,2812.0,,
2017-07-25,2405.0,63,0,1,25,7,3,2017,0,,,,2653.0,,
2017-07-26,2878.0,69,0,2,26,7,3,2017,0,,,,3003.0,,
2017-07-27,2466.0,54,0,3,27,7,3,2017,0,,,,2603.0,,
2017-07-28,2622.0,44,0,4,28,7,3,2017,0,,,,2916.0,,
2017-07-29,2446.0,53,0,5,29,7,3,2017,1,,,,2871.0,,
2017-07-30,1086.0,42,0,6,30,7,3,2017,1,,,,1222.0,,
2017-07-31,2966.0,54,0,0,31,7,3,2017,0,,,,2952.0,,
2017-08-01,2872.0,45,0,1,1,8,3,2017,0,,,,2759.0,,
2017-08-02,3247.0,58,0,2,2,8,3,2017,0,,,,3147.0,,
2017-08-03,2177.0,29,0,3,3,8,3,2017,0,,,,2550.0,,
2017-08-04,2778.0,35,0,4,4,8,3,2017,0,,,,2972.0,,
2017-08-05,2034.0,29,0,5,5,8,3,2017,1,,,,2561.0,,
2017-08-06,1025.0,29,0,6,6,8,3,2017,1,,,,1140.0,,
2017-08-07,2551.0,44,0,0,7,8,3,2017,0,,,,2849.0,,
2017-08-08,3062.0,35,0,1,8,8,3,2017,0,,,,2712.0,,
2017-08-09,2719.0,46,0,2,9,8,3,2017,0,,,,3185.0,,
2017-08-10,2591.0,31,0,3,10,8,3,2017,0,,,,2571.0,,
2017-08-11,1270.0,24,0,4,11,8,3,2017,0,,,,3182.0,,
2017-08-12,1630.0,28,0,5,12,8,3,2017,1,,,,2297.0,,
2017-08-13,952.0,19,0,6,13,8,3,2017,1,,,,1028.0,,
2017-08-14,2407.0,30,0,0,14,8,3,2017,0,,,,2720.0,,
2017-08-15,2508.0,29,0,1,15,8,3,2017,0,,,,3370.0,,
